t,phase,ac,status,capacity,charge_now,charge_full,current_ma,voltage_uv,v_per_cell,profile,threshold,reached,oem6,erm_reached,full_24h
2026-09-07T07:12:55,stationary,1,Charging,61,3904000,6400000,4998,16537000,4.1342,2,80,0,0x04,0,0
2026-09-07T07:13:55,stationary,1,Charging,62,3968000,6400000,4896,16560000,4.14,2,80,0,0x04,0,0
2026-09-07T07:14:55,stationary,1,Charging,63,4032000,6400000,4794,16560000,4.14,2,80,0,0x04,0,0
2026-09-07T07:15:55,stationary,1,Charging,64,4096000,6400000,4658,16560000,4.14,2,80,0,0x04,0,0
2026-09-07T07:16:55,stationary,1,Charging,66,4224000,6400000,4556,16560000,4.14,2,80,0,0x04,0,0
2026-09-07T07:17:55,stationary,1,Charging,67,4288000,6400000,4454,16560000,4.14,2,80,0,0x04,0,0
2026-09-07T07:18:55,stationary,1,Charging,68,4352000,6400000,4318,16560000,4.14,2,80,0,0x04,0,0
2026-09-07T07:19:55,stationary,1,Charging,69,4416000,6400000,4216,16560000,4.14,2,80,0,0x04,0,0
2026-09-07T07:20:55,stationary,1,Charging,70,4480000,6400000,4080,16560000,4.14,2,80,0,0x04,0,0
2026-09-07T07:21:55,stationary,1,Charging,71,4544000,6400000,3944,16560000,4.14,2,80,0,0x04,0,0
2026-09-07T07:22:55,stationary,1,Charging,72,4608000,6400000,3842,16560000,4.14,2,80,0,0x04,0,0
2026-09-07T07:23:55,stationary,1,Charging,73,4672000,6400000,3740,16560000,4.14,2,80,0,0x04,0,0
2026-09-07T07:24:55,stationary,1,Charging,74,4736000,6400000,3604,16560000,4.14,2,80,0,0x04,0,0
2026-09-07T07:25:55,stationary,1,Charging,75,4800000,6400000,3502,16560000,4.14,2,80,0,0x04,0,0
2026-09-07T07:26:55,stationary,1,Charging,76,4864000,6400000,3400,16584000,4.146,2,80,0,0x04,0,0
2026-09-07T07:27:55,stationary,1,Charging,77,4928000,6400000,3298,16560000,4.14,2,80,0,0x04,0,0
2026-09-07T07:28:55,stationary,1,Charging,78,4992000,6400000,3196,16584000,4.146,2,80,0,0x04,0,0
2026-09-07T07:29:55,stationary,1,Charging,79,5056000,6400000,3060,16560000,4.14,2,80,0,0x04,0,0
2026-09-07T07:30:55,stationary,1,Charging,79,5056000,6400000,2992,16584000,4.146,2,80,0,0x04,0,0
2026-09-07T07:31:55,stationary,1,Charging,80,5120000,6400000,2890,16584000,4.146,2,80,0,0x04,0,0
2026-09-07T07:32:55,stationary,1,Charging,81,5184000,6400000,3332,16701000,4.1753,2,80,0,0x04,0,0
2026-09-07T07:33:55,stationary,1,Charging,82,5248000,6400000,3162,16701000,4.1753,2,80,0,0x04,0,0
2026-09-07T07:34:55,stationary,1,Charging,82,5248000,6400000,3026,16701000,4.1753,2,80,0,0x04,0,0
2026-09-07T07:35:55,stationary,1,Charging,83,5312000,6400000,2958,16701000,4.1753,2,80,0,0x04,0,0
2026-09-07T07:36:55,stationary,1,Charging,84,5376000,6400000,2822,16701000,4.1753,2,80,0,0x04,0,0
2026-09-07T07:37:55,stationary,1,Charging,85,5440000,6400000,2720,16701000,4.1753,2,80,0,0x04,0,0
2026-09-07T07:38:55,stationary,1,Charging,85,5440000,6400000,2618,16701000,4.1753,2,80,0,0x04,0,0
2026-09-07T07:39:55,stationary,1,Charging,86,5504000,6400000,2516,16724000,4.181,2,80,0,0x04,0,0
2026-09-07T07:40:55,stationary,1,Charging,87,5568000,6400000,2414,16724000,4.181,2,80,0,0x04,0,0
2026-09-07T07:41:55,stationary,1,Charging,87,5568000,6400000,2278,16724000,4.181,2,80,0,0x04,0,0
2026-09-07T07:42:55,stationary,1,Charging,88,5632000,6400000,2210,16724000,4.181,2,80,0,0x04,0,0
2026-09-07T07:43:55,stationary,1,Charging,89,5696000,6400000,2108,16724000,4.181,2,80,0,0x04,0,0
2026-09-07T07:44:55,stationary,1,Charging,89,5696000,6400000,2040,16724000,4.181,2,80,0,0x04,0,0
2026-09-07T07:45:55,stationary,1,Charging,90,5760000,6400000,1938,16724000,4.181,2,80,0,0x04,0,0
2026-09-07T07:46:55,stationary,1,Charging,90,5760000,6400000,1870,16724000,4.181,2,80,0,0x04,0,0
2026-09-07T07:47:55,stationary,1,Charging,91,5824000,6400000,1802,16724000,4.181,2,80,0,0x04,0,0
2026-09-07T07:48:55,stationary,1,Charging,91,5824000,6400000,1700,16724000,4.181,2,80,0,0x04,0,0
2026-09-07T07:49:55,stationary,1,Charging,91,5824000,6400000,1666,16724000,4.181,2,80,0,0x04,0,0
2026-09-07T07:50:55,stationary,1,Charging,92,5888000,6400000,1598,16724000,4.181,2,80,0,0x04,0,0
2026-09-07T07:51:55,stationary,1,Charging,92,5888000,6400000,1496,16724000,4.181,2,80,0,0x04,0,0
2026-09-07T07:52:55,stationary,1,Charging,93,5952000,6400000,1462,16724000,4.181,2,80,0,0x04,0,0
2026-09-07T07:53:55,stationary,1,Charging,93,5952000,6400000,1394,16724000,4.181,2,80,0,0x04,0,0
2026-09-07T07:54:55,stationary,1,Charging,93,5952000,6400000,1326,16724000,4.181,2,80,0,0x04,0,0
2026-09-07T07:55:55,stationary,1,Charging,94,6016000,6400000,1292,16748000,4.187,2,80,0,0x04,0,0
2026-09-07T07:56:55,stationary,1,Charging,94,6016000,6400000,1224,16724000,4.181,2,80,0,0x04,0,0
2026-09-07T07:57:55,stationary,1,Charging,94,6016000,6400000,1190,16724000,4.181,2,80,0,0x04,0,0
2026-09-07T07:58:55,stationary,1,Charging,95,6080000,6400000,1122,16724000,4.181,2,80,0,0x04,0,0
2026-09-07T07:59:55,stationary,1,Charging,95,6080000,6400000,1088,16748000,4.187,2,80,0,0x04,0,0
2026-09-07T08:00:55,stationary,1,Charging,95,6080000,6400000,1054,16724000,4.181,2,80,0,0x04,0,0
2026-09-07T08:01:55,stationary,1,Charging,96,6144000,6400000,1020,16748000,4.187,2,80,0,0x04,0,0
2026-09-07T08:02:55,stationary,1,Charging,96,6144000,6400000,952,16748000,4.187,2,80,0,0x04,0,0
2026-09-07T08:03:55,stationary,1,Charging,97,6208000,6400000,918,16748000,4.187,2,80,0,0x04,0,0
2026-09-07T08:04:55,stationary,1,Charging,97,6208000,6400000,918,16724000,4.181,2,80,0,0x04,0,0
2026-09-07T08:05:55,stationary,1,Charging,97,6208000,6400000,884,16748000,4.187,2,80,0,0x04,0,0
2026-09-07T08:06:55,stationary,1,Charging,98,6272000,6400000,850,16748000,4.187,2,80,0,0x04,0,0
2026-09-07T08:07:55,stationary,1,Charging,98,6272000,6400000,816,16748000,4.187,2,80,0,0x04,0,0
2026-09-07T08:08:55,stationary,1,Charging,99,6336000,6400000,782,16724000,4.181,2,80,0,0x04,0,0
2026-09-07T08:09:05,stationary,1,Charging,99,6336000,6400000,782,16724000,4.181,2,80,0,0x04,0,0
2026-09-07T08:09:15,stationary,1,Charging,99,6336000,6400000,748,16748000,4.187,2,80,0,0x04,0,0
2026-09-07T08:09:25,stationary,1,Charging,99,6336000,6400000,748,16748000,4.187,2,80,0,0x04,0,0
2026-09-07T08:09:35,stationary,1,Charging,99,6336000,6400000,748,16748000,4.187,2,80,0,0x04,0,0
2026-09-07T08:09:45,stationary,1,Charging,99,6336000,6400000,748,16748000,4.187,2,80,0,0x04,0,0
2026-09-07T08:09:55,stationary,1,Charging,99,6336000,6400000,748,16748000,4.187,2,80,0,0x04,0,0
2026-09-07T08:10:05,stationary,1,Charging,99,6336000,6400000,748,16748000,4.187,2,80,0,0x04,0,0
2026-09-07T08:10:15,stationary,1,Charging,99,6336000,6400000,748,16748000,4.187,2,80,0,0x04,0,0
2026-09-07T08:10:25,stationary,1,Charging,99,6336000,6400000,748,16748000,4.187,2,80,0,0x04,0,0
2026-09-07T08:10:35,stationary,1,Charging,99,6336000,6400000,748,16748000,4.187,2,80,0,0x04,0,0
2026-09-07T08:10:45,stationary,1,Charging,99,6336000,6400000,714,16748000,4.187,2,80,0,0x04,0,0
2026-09-07T08:10:55,stationary,1,Not charging,100,6400000,6400000,646,16748000,4.187,2,80,0,0x04,0,0
2026-09-07T08:11:05,stationary,1,Not charging,100,6400000,6400000,680,16724000,4.181,2,80,0,0x04,0,0
2026-09-07T08:11:16,stationary,1,Not charging,100,6400000,6400000,680,16748000,4.187,2,80,0,0x04,0,0
2026-09-07T08:11:26,stationary,1,Not charging,100,6400000,6400000,680,16724000,4.181,2,80,0,0x04,0,0
2026-09-07T08:11:36,stationary,1,Not charging,100,6400000,6400000,680,16748000,4.187,2,80,0,0x04,0,0
2026-09-07T08:11:46,stationary,1,Not charging,100,6400000,6400000,680,16748000,4.187,2,80,0,0x04,0,0
2026-09-07T08:11:56,stationary,1,Not charging,100,6400000,6400000,680,16748000,4.187,2,80,0,0x04,0,0
2026-09-07T08:12:06,stationary,1,Not charging,100,6400000,6400000,680,16748000,4.187,2,80,0,0x04,0,0
2026-09-07T08:12:16,stationary,1,Not charging,100,6400000,6400000,680,16748000,4.187,2,80,0,0x04,0,0
2026-09-07T08:12:26,stationary,1,Not charging,100,6400000,6400000,680,16748000,4.187,2,80,0,0x04,0,0
2026-09-07T08:12:36,stationary,1,Not charging,100,6400000,6400000,680,16748000,4.187,2,80,0,0x04,0,0
2026-09-07T08:12:46,stationary,1,Not charging,100,6400000,6400000,680,16748000,4.187,2,80,0,0x04,0,0
2026-09-07T08:12:56,stationary,1,Not charging,100,6400000,6400000,680,16724000,4.181,2,80,0,0x04,0,0
2026-09-07T08:13:06,stationary,1,Not charging,100,6400000,6400000,680,16748000,4.187,2,80,0,0x04,0,0
2026-09-07T08:13:16,stationary,1,Not charging,100,6400000,6400000,680,16748000,4.187,2,80,0,0x04,0,0
2026-09-07T08:13:26,stationary,1,Not charging,100,6400000,6400000,646,16748000,4.187,2,80,0,0x04,0,0
2026-09-07T08:13:36,stationary,1,Not charging,100,6400000,6400000,646,16748000,4.187,2,80,0,0x04,0,0
2026-09-07T08:13:46,stationary,1,Not charging,100,6400000,6400000,646,16748000,4.187,2,80,0,0x04,0,0
2026-09-07T08:13:56,stationary,1,Not charging,100,6400000,6400000,646,16748000,4.187,2,80,0,0x04,0,0
2026-09-07T08:14:06,stationary,1,Not charging,100,6400000,6400000,646,16748000,4.187,2,80,0,0x04,0,0
2026-09-07T08:14:16,stationary,1,Not charging,100,6400000,6400000,646,16748000,4.187,2,80,0,0x04,0,0
2026-09-07T08:14:26,stationary,1,Not charging,100,6400000,6400000,646,16748000,4.187,2,80,0,0x04,0,0
2026-09-07T08:14:36,stationary,1,Not charging,100,6400000,6400000,646,16748000,4.187,2,80,0,0x04,0,0
2026-09-07T08:14:46,stationary,1,Not charging,100,6400000,6400000,646,16748000,4.187,2,80,0,0x04,0,0
2026-09-07T08:14:56,stationary,1,Not charging,100,6400000,6400000,646,16724000,4.181,2,80,0,0x04,0,0
2026-09-07T08:15:06,stationary,1,Not charging,100,6400000,6400000,612,16748000,4.187,2,80,0,0x04,0,0
2026-09-07T08:15:16,stationary,1,Not charging,100,6400000,6400000,612,16748000,4.187,2,80,0,0x04,0,0
2026-09-07T08:15:26,stationary,1,Not charging,100,6400000,6400000,612,16748000,4.187,2,80,0,0x04,0,0
2026-09-07T08:15:36,stationary,1,Not charging,100,6400000,6400000,612,16748000,4.187,2,80,0,0x04,0,0
2026-09-07T08:15:46,stationary,1,Not charging,100,6400000,6400000,612,16748000,4.187,2,80,0,0x04,0,0
2026-09-07T08:15:56,stationary,1,Not charging,100,6400000,6400000,612,16748000,4.187,2,80,0,0x04,0,0
2026-09-07T08:16:06,stationary,1,Not charging,100,6400000,6400000,612,16748000,4.187,2,80,0,0x04,0,0
2026-09-07T08:16:16,stationary,1,Not charging,100,6400000,6400000,612,16748000,4.187,2,80,0,0x04,0,0
2026-09-07T08:16:26,stationary,1,Not charging,100,6400000,6400000,578,16748000,4.187,2,80,0,0x04,0,0
2026-09-07T08:16:36,stationary,1,Not charging,100,6400000,6400000,578,16748000,4.187,2,80,0,0x04,0,0
2026-09-07T08:16:46,stationary,1,Not charging,100,6400000,6400000,578,16748000,4.187,2,80,0,0x04,0,0
2026-09-07T08:16:56,stationary,1,Not charging,100,6400000,6400000,578,16748000,4.187,2,80,0,0x04,0,0
2026-09-07T08:17:06,stationary,1,Not charging,100,6400000,6400000,578,16748000,4.187,2,80,0,0x04,0,0
2026-09-07T08:17:16,stationary,1,Not charging,100,6400000,6400000,578,16748000,4.187,2,80,0,0x04,0,0
2026-09-07T08:17:26,stationary,1,Not charging,100,6400000,6400000,578,16748000,4.187,2,80,0,0x04,0,0
2026-09-07T08:17:36,stationary,1,Not charging,100,6400000,6400000,578,16748000,4.187,2,80,0,0x04,0,0
2026-09-07T08:17:46,stationary,1,Not charging,100,6400000,6400000,578,16748000,4.187,2,80,0,0x04,0,0
2026-09-07T08:17:56,stationary,1,Not charging,100,6400000,6400000,578,16748000,4.187,2,80,0,0x04,0,0
2026-09-07T08:18:06,stationary,1,Not charging,100,6400000,6400000,578,16748000,4.187,2,80,0,0x04,0,0
2026-09-07T08:18:16,stationary,1,Not charging,100,6400000,6400000,578,16748000,4.187,2,80,0,0x04,0,0
2026-09-07T08:18:26,stationary,1,Not charging,100,6400000,6400000,544,16748000,4.187,2,80,0,0x04,0,0
2026-09-07T08:18:36,stationary,1,Not charging,100,6400000,6400000,544,16748000,4.187,2,80,0,0x04,0,0
2026-09-07T08:18:46,stationary,1,Not charging,100,6400000,6400000,544,16748000,4.187,2,80,0,0x04,0,0
2026-09-07T08:18:56,stationary,1,Not charging,100,6400000,6400000,544,16748000,4.187,2,80,0,0x04,0,0
2026-09-07T08:19:06,stationary,1,Not charging,100,6400000,6400000,544,16748000,4.187,2,80,0,0x04,0,0
2026-09-07T08:19:16,stationary,1,Not charging,100,6400000,6400000,544,16748000,4.187,2,80,0,0x04,0,0
2026-09-07T08:19:26,stationary,1,Not charging,100,6400000,6400000,544,16748000,4.187,2,80,0,0x04,0,0
2026-09-07T08:19:36,stationary,1,Not charging,100,6400000,6400000,544,16748000,4.187,2,80,0,0x04,0,0
2026-09-07T08:19:46,stationary,1,Not charging,100,6400000,6400000,544,16748000,4.187,2,80,0,0x04,0,0
2026-09-07T08:19:56,stationary,1,Not charging,100,6400000,6400000,544,16748000,4.187,2,80,0,0x04,0,0
2026-09-07T08:20:06,stationary,1,Not charging,100,6400000,6400000,544,16748000,4.187,2,80,0,0x04,0,0
2026-09-07T08:20:16,stationary,1,Not charging,100,6400000,6400000,544,16748000,4.187,2,80,0,0x04,0,0
2026-09-07T08:20:26,stationary,1,Not charging,100,6400000,6400000,510,16748000,4.187,2,80,0,0x04,0,0
2026-09-07T08:20:36,stationary,1,Not charging,100,6400000,6400000,510,16748000,4.187,2,80,0,0x04,0,0
2026-09-07T08:20:46,stationary,1,Not charging,100,6400000,6400000,510,16748000,4.187,2,80,0,0x04,0,0
2026-09-07T08:20:56,stationary,1,Not charging,100,6400000,6400000,510,16748000,4.187,2,80,0,0x04,0,0
2026-09-07T08:21:06,stationary,1,Not charging,100,6400000,6400000,510,16748000,4.187,2,80,0,0x04,0,0
2026-09-07T08:21:16,stationary,1,Not charging,100,6400000,6400000,510,16748000,4.187,2,80,0,0x04,0,0
2026-09-07T08:21:26,stationary,1,Not charging,100,6400000,6400000,510,16748000,4.187,2,80,0,0x04,0,0
2026-09-07T08:21:36,stationary,1,Not charging,100,6400000,6400000,510,16748000,4.187,2,80,0,0x04,0,0
2026-09-07T08:21:46,stationary,1,Not charging,100,6400000,6400000,510,16748000,4.187,2,80,0,0x04,0,0
2026-09-07T08:21:56,stationary,1,Not charging,100,6400000,6400000,510,16748000,4.187,2,80,0,0x04,0,0
2026-09-07T08:22:06,stationary,1,Not charging,100,6400000,6400000,476,16748000,4.187,2,80,0,0x04,0,0
2026-09-07T08:22:16,stationary,1,Not charging,100,6400000,6400000,476,16748000,4.187,2,80,0,0x04,0,0
2026-09-07T08:22:26,stationary,1,Not charging,100,6400000,6400000,476,16748000,4.187,2,80,0,0x04,0,0
2026-09-07T08:22:37,stationary,1,Not charging,100,6400000,6400000,476,16748000,4.187,2,80,0,0x04,0,0
2026-09-07T08:22:47,stationary,1,Not charging,100,6400000,6400000,476,16748000,4.187,2,80,0,0x04,0,0
2026-09-07T08:22:57,stationary,1,Not charging,100,6400000,6400000,476,16748000,4.187,2,80,0,0x04,0,0
2026-09-07T08:23:07,stationary,1,Not charging,100,6400000,6400000,476,16748000,4.187,2,80,0,0x04,0,0
2026-09-07T08:23:17,stationary,1,Not charging,100,6400000,6400000,476,16748000,4.187,2,80,0,0x04,0,0
2026-09-07T08:23:27,stationary,1,Not charging,100,6400000,6400000,476,16748000,4.187,2,80,0,0x04,0,0
2026-09-07T08:23:37,stationary,1,Not charging,100,6400000,6400000,476,16748000,4.187,2,80,0,0x04,0,0
2026-09-07T08:23:47,stationary,1,Not charging,100,6400000,6400000,476,16748000,4.187,2,80,0,0x04,0,0
2026-09-07T08:23:57,stationary,1,Not charging,100,6400000,6400000,476,16748000,4.187,2,80,0,0x04,0,0
2026-09-07T08:24:07,stationary,1,Not charging,100,6400000,6400000,476,16748000,4.187,2,80,0,0x04,0,0
2026-09-07T08:24:17,stationary,1,Not charging,100,6400000,6400000,476,16748000,4.187,2,80,0,0x04,0,0
2026-09-07T08:24:27,stationary,1,Not charging,100,6400000,6400000,476,16748000,4.187,2,80,0,0x04,0,0
2026-09-07T08:24:37,stationary,1,Not charging,100,6400000,6400000,476,16748000,4.187,2,80,0,0x04,0,0
2026-09-07T08:24:47,stationary,1,Not charging,100,6400000,6400000,442,16748000,4.187,2,80,0,0x04,0,0
2026-09-07T08:24:57,stationary,1,Not charging,100,6400000,6400000,442,16748000,4.187,2,80,0,0x04,0,0
2026-09-07T08:25:07,stationary,1,Not charging,100,6400000,6400000,442,16748000,4.187,2,80,0,0x04,0,0
2026-09-07T08:25:17,stationary,1,Not charging,100,6400000,6400000,442,16748000,4.187,2,80,0,0x04,0,0
2026-09-07T08:25:27,stationary,1,Not charging,100,6400000,6400000,442,16748000,4.187,2,80,0,0x04,0,0
2026-09-07T08:25:37,stationary,1,Not charging,100,6400000,6400000,442,16748000,4.187,2,80,0,0x04,0,0
2026-09-07T08:25:47,stationary,1,Not charging,100,6400000,6400000,442,16748000,4.187,2,80,0,0x04,0,0
2026-09-07T08:25:57,stationary,1,Not charging,100,6400000,6400000,442,16748000,4.187,2,80,0,0x04,0,0
2026-09-07T08:26:07,stationary,1,Not charging,100,6400000,6400000,442,16748000,4.187,2,80,0,0x04,0,0
2026-09-07T08:26:17,stationary,1,Not charging,100,6400000,6400000,442,16748000,4.187,2,80,0,0x04,0,0
2026-09-07T08:26:27,stationary,1,Not charging,100,6400000,6400000,442,16748000,4.187,2,80,0,0x04,0,0
2026-09-07T08:26:37,stationary,1,Not charging,100,6400000,6400000,442,16748000,4.187,2,80,0,0x04,0,0
2026-09-07T08:26:47,stationary,1,Not charging,100,6400000,6400000,408,16748000,4.187,2,80,0,0x04,0,0
2026-09-07T08:26:57,stationary,1,Not charging,100,6400000,6400000,408,16748000,4.187,2,80,0,0x04,0,0
2026-09-07T08:27:07,stationary,1,Not charging,100,6400000,6400000,408,16748000,4.187,2,80,0,0x04,0,0
2026-09-07T08:27:17,stationary,1,Not charging,100,6400000,6400000,408,16748000,4.187,2,80,0,0x04,0,0
2026-09-07T08:27:27,stationary,1,Not charging,100,6400000,6400000,408,16748000,4.187,2,80,0,0x04,0,0
2026-09-07T08:27:37,stationary,1,Not charging,100,6400000,6400000,408,16748000,4.187,2,80,0,0x04,0,0
2026-09-07T08:27:47,stationary,1,Not charging,100,6400000,6400000,408,16748000,4.187,2,80,0,0x04,0,0
2026-09-07T08:27:57,stationary,1,Not charging,100,6400000,6400000,408,16748000,4.187,2,80,0,0x04,0,0
2026-09-07T08:28:07,stationary,1,Not charging,100,6400000,6400000,408,16748000,4.187,2,80,0,0x04,0,0
2026-09-07T08:28:17,stationary,1,Not charging,100,6400000,6400000,408,16748000,4.187,2,80,0,0x04,0,0
2026-09-07T08:28:27,stationary,1,Not charging,100,6400000,6400000,408,16748000,4.187,2,80,0,0x04,0,0
2026-09-07T08:28:37,stationary,1,Not charging,100,6400000,6400000,408,16748000,4.187,2,80,0,0x04,0,0
2026-09-07T08:28:47,stationary,1,Not charging,100,6400000,6400000,408,16748000,4.187,2,80,0,0x04,0,0
2026-09-07T08:28:57,stationary,1,Not charging,100,6400000,6400000,408,16748000,4.187,2,80,0,0x04,0,0
2026-09-07T08:29:07,stationary,1,Not charging,100,6400000,6400000,408,16748000,4.187,2,80,0,0x04,0,0
2026-09-07T08:29:17,stationary,1,Not charging,100,6400000,6400000,408,16748000,4.187,2,80,0,0x04,0,0
2026-09-07T08:29:27,stationary,1,Not charging,100,6400000,6400000,408,16748000,4.187,2,80,0,0x04,0,0
2026-09-07T08:29:37,stationary,1,Not charging,100,6400000,6400000,408,16748000,4.187,2,80,0,0x04,0,0
2026-09-07T08:29:47,stationary,1,Not charging,100,6400000,6400000,374,16748000,4.187,2,80,0,0x04,0,0
2026-09-07T08:29:57,stationary,1,Not charging,100,6400000,6400000,374,16748000,4.187,2,80,0,0x04,0,0
2026-09-07T08:30:07,stationary,1,Not charging,100,6400000,6400000,374,16748000,4.187,2,80,0,0x04,0,0
2026-09-07T08:30:17,stationary,1,Not charging,100,6400000,6400000,374,16748000,4.187,2,80,0,0x04,0,0
2026-09-07T08:30:27,stationary,1,Not charging,100,6400000,6400000,374,16748000,4.187,2,80,0,0x04,0,0
2026-09-07T08:30:37,stationary,1,Not charging,100,6400000,6400000,374,16748000,4.187,2,80,0,0x04,0,0
2026-09-07T08:30:47,stationary,1,Not charging,100,6400000,6400000,374,16748000,4.187,2,80,0,0x04,0,0
2026-09-07T08:30:57,stationary,1,Not charging,100,6400000,6400000,374,16748000,4.187,2,80,0,0x04,0,0
2026-09-07T08:31:07,stationary,1,Not charging,100,6400000,6400000,374,16748000,4.187,2,80,0,0x04,0,0
2026-09-07T08:31:17,stationary,1,Not charging,100,6400000,6400000,374,16748000,4.187,2,80,0,0x04,0,0
2026-09-07T08:31:27,stationary,1,Not charging,100,6400000,6400000,374,16748000,4.187,2,80,0,0x04,0,0
2026-09-07T08:31:37,stationary,1,Not charging,100,6400000,6400000,374,16748000,4.187,2,80,0,0x04,0,0
2026-09-07T08:31:47,stationary,1,Not charging,100,6400000,6400000,374,16748000,4.187,2,80,0,0x04,0,0
2026-09-07T08:31:57,stationary,1,Not charging,100,6400000,6400000,374,16748000,4.187,2,80,0,0x04,0,0
2026-09-07T08:32:07,stationary,1,Not charging,100,6400000,6400000,374,16748000,4.187,2,80,0,0x04,0,0
2026-09-07T08:32:17,stationary,1,Not charging,100,6400000,6400000,374,16748000,4.187,2,80,0,0x04,0,0
2026-09-07T08:32:27,stationary,1,Not charging,100,6400000,6400000,374,16748000,4.187,2,80,0,0x04,0,0
2026-09-07T08:32:37,stationary,1,Not charging,100,6400000,6400000,374,16748000,4.187,2,80,0,0x04,0,0
2026-09-07T08:32:47,stationary,1,Not charging,100,6400000,6400000,374,16748000,4.187,2,80,0,0x04,0,0
2026-09-07T08:32:57,stationary,1,Not charging,100,6400000,6400000,374,16748000,4.187,2,80,0,0x04,0,0
2026-09-07T08:33:07,stationary,1,Not charging,100,6400000,6400000,374,16748000,4.187,2,80,0,0x04,0,0
2026-09-07T08:33:17,stationary,1,Not charging,100,6400000,6400000,340,16748000,4.187,2,80,0,0x04,0,0
2026-09-07T08:33:27,stationary,1,Not charging,100,6400000,6400000,340,16748000,4.187,2,80,0,0x04,0,0
2026-09-07T08:33:37,stationary,1,Not charging,100,6400000,6400000,340,16748000,4.187,2,80,0,0x04,0,0
2026-09-07T08:33:47,stationary,1,Not charging,100,6400000,6400000,340,16748000,4.187,2,80,0,0x04,0,0
2026-09-07T08:33:57,stationary,1,Not charging,100,6400000,6400000,340,16748000,4.187,2,80,0,0x04,0,0
2026-09-07T08:34:07,stationary,1,Not charging,100,6400000,6400000,340,16748000,4.187,2,80,0,0x04,0,0
2026-09-07T08:34:17,stationary,1,Not charging,100,6400000,6400000,340,16748000,4.187,2,80,0,0x04,0,0
2026-09-07T08:34:28,stationary,1,Not charging,100,6400000,6400000,340,16748000,4.187,2,80,0,0x04,0,0
2026-09-07T08:34:38,stationary,1,Not charging,100,6400000,6400000,340,16748000,4.187,2,80,0,0x04,0,0
2026-09-07T08:34:48,stationary,1,Not charging,100,6400000,6400000,340,16748000,4.187,2,80,0,0x04,0,0
2026-09-07T08:34:58,stationary,1,Not charging,100,6400000,6400000,340,16748000,4.187,2,80,0,0x04,0,0
2026-09-07T08:35:08,stationary,1,Not charging,100,6400000,6400000,340,16748000,4.187,2,80,0,0x04,0,0
2026-09-07T08:35:18,stationary,1,Not charging,100,6400000,6400000,340,16748000,4.187,2,80,0,0x04,0,0
2026-09-07T08:35:28,stationary,1,Not charging,100,6400000,6400000,340,16748000,4.187,2,80,0,0x04,0,0
2026-09-07T08:35:38,stationary,1,Not charging,100,6400000,6400000,340,16748000,4.187,2,80,0,0x04,0,0
2026-09-07T08:35:48,stationary,1,Not charging,100,6400000,6400000,306,16748000,4.187,2,80,0,0x04,0,0
2026-09-07T08:35:58,stationary,1,Not charging,100,6400000,6400000,306,16748000,4.187,2,80,0,0x04,0,0
2026-09-07T08:36:08,stationary,1,Not charging,100,6400000,6400000,306,16748000,4.187,2,80,0,0x04,0,0
2026-09-07T08:36:18,stationary,1,Not charging,100,6400000,6400000,306,16748000,4.187,2,80,0,0x04,0,0
2026-09-07T08:36:28,stationary,1,Not charging,100,6400000,6400000,306,16748000,4.187,2,80,0,0x04,0,0
2026-09-07T08:36:38,stationary,1,Not charging,100,6400000,6400000,306,16748000,4.187,2,80,0,0x04,0,0
2026-09-07T08:36:48,stationary,1,Not charging,100,6400000,6400000,306,16748000,4.187,2,80,0,0x04,0,0
2026-09-07T08:36:58,stationary,1,Not charging,100,6400000,6400000,306,16748000,4.187,2,80,0,0x04,0,0
2026-09-07T08:37:08,stationary,1,Not charging,100,6400000,6400000,306,16748000,4.187,2,80,0,0x04,0,0
2026-09-07T08:37:18,stationary,1,Not charging,100,6400000,6400000,306,16748000,4.187,2,80,0,0x04,0,0
2026-09-07T08:37:28,stationary,1,Not charging,100,6400000,6400000,306,16748000,4.187,2,80,0,0x04,0,0
2026-09-07T08:37:38,stationary,1,Not charging,100,6400000,6400000,306,16748000,4.187,2,80,0,0x04,0,0
2026-09-07T08:37:48,stationary,1,Not charging,100,6400000,6400000,306,16748000,4.187,2,80,0,0x04,0,0
2026-09-07T08:37:58,stationary,1,Not charging,100,6400000,6400000,306,16748000,4.187,2,80,0,0x04,0,0
2026-09-07T08:38:08,stationary,1,Not charging,100,6400000,6400000,306,16748000,4.187,2,80,0,0x04,0,0
2026-09-07T08:38:18,stationary,1,Not charging,100,6400000,6400000,306,16748000,4.187,2,80,0,0x04,0,0
2026-09-07T08:38:28,stationary,1,Not charging,100,6400000,6400000,306,16748000,4.187,2,80,0,0x04,0,0
2026-09-07T08:38:38,stationary,1,Not charging,100,6400000,6400000,306,16748000,4.187,2,80,0,0x04,0,0
2026-09-07T08:38:48,stationary,1,Not charging,100,6400000,6400000,306,16748000,4.187,2,80,0,0x04,0,0
2026-09-07T08:38:58,stationary,1,Not charging,100,6400000,6400000,306,16748000,4.187,2,80,0,0x04,0,0
2026-09-07T08:39:08,stationary,1,Not charging,100,6400000,6400000,306,16748000,4.187,2,80,0,0x04,0,0
2026-09-07T08:39:18,stationary,1,Not charging,100,6400000,6400000,306,16748000,4.187,2,80,0,0x04,0,0
2026-09-07T08:39:28,stationary,1,Not charging,100,6400000,6400000,0,16701000,4.1753,2,80,0,0x04,0,0
2026-09-07T08:39:38,stationary,1,Not charging,100,6400000,6400000,0,16701000,4.1753,2,80,0,0x04,0,0
2026-09-07T08:39:48,stationary,1,Not charging,100,6400000,6400000,0,16701000,4.1753,2,80,0,0x04,0,0
2026-09-07T08:39:58,stationary,1,Not charging,100,6400000,6400000,0,16701000,4.1753,2,80,0,0x04,0,0
2026-09-07T08:40:08,stationary,1,Not charging,100,6400000,6400000,0,16701000,4.1753,2,80,0,0x04,0,0
2026-09-07T08:40:18,stationary,1,Not charging,100,6400000,6400000,0,16677000,4.1692,2,80,0,0x04,0,0
2026-09-07T08:40:28,stationary,1,Not charging,100,6400000,6400000,0,16701000,4.1753,2,80,0,0x04,0,0
2026-09-07T08:40:38,stationary,1,Not charging,100,6400000,6400000,0,16701000,4.1753,2,80,0,0x04,0,0
2026-09-07T08:40:48,stationary,1,Not charging,100,6400000,6400000,0,16701000,4.1753,2,80,0,0x04,0,0
2026-09-07T08:40:58,stationary,1,Not charging,100,6400000,6400000,0,16701000,4.1753,2,80,0,0x04,0,0
2026-09-07T08:41:08,stationary,1,Not charging,100,6400000,6400000,0,16701000,4.1753,2,80,0,0x04,0,0
2026-09-07T08:41:18,stationary,1,Not charging,100,6400000,6400000,0,16701000,4.1753,2,80,0,0x04,0,0
2026-09-07T08:41:28,stationary,1,Not charging,100,6400000,6400000,0,16677000,4.1692,2,80,0,0x04,0,0
2026-09-07T08:41:38,stationary,1,Not charging,100,6400000,6400000,0,16677000,4.1692,2,80,0,0x04,0,0
2026-09-07T08:41:48,stationary,1,Not charging,100,6400000,6400000,0,16677000,4.1692,2,80,0,0x04,0,0
2026-09-07T08:41:58,stationary,1,Not charging,100,6400000,6400000,0,16677000,4.1692,2,80,0,0x04,0,0
2026-09-07T08:42:08,stationary,1,Not charging,100,6400000,6400000,0,16677000,4.1692,2,80,0,0x04,0,0
2026-09-07T08:42:18,stationary,1,Not charging,100,6400000,6400000,0,16677000,4.1692,2,80,0,0x04,0,0
2026-09-07T08:42:28,stationary,1,Not charging,100,6400000,6400000,0,16677000,4.1692,2,80,0,0x04,0,0
2026-09-07T08:42:38,stationary,1,Not charging,100,6400000,6400000,0,16677000,4.1692,2,80,0,0x04,0,0
2026-09-07T08:42:48,stationary,1,Not charging,100,6400000,6400000,0,16677000,4.1692,2,80,0,0x04,0,0
2026-09-07T08:42:58,stationary,1,Not charging,100,6400000,6400000,0,16677000,4.1692,2,80,0,0x04,0,0
2026-09-07T08:43:08,stationary,1,Not charging,100,6400000,6400000,0,16677000,4.1692,2,80,0,0x04,0,0
2026-09-07T08:43:18,stationary,1,Not charging,100,6400000,6400000,0,16677000,4.1692,2,80,0,0x04,0,0
2026-09-07T08:43:28,stationary,1,Not charging,100,6400000,6400000,0,16677000,4.1692,2,80,0,0x04,0,0
2026-09-07T08:43:38,stationary,1,Not charging,100,6400000,6400000,0,16677000,4.1692,2,80,0,0x04,0,0
2026-09-07T08:43:48,stationary,1,Not charging,100,6400000,6400000,0,16677000,4.1692,2,80,0,0x04,0,0
2026-09-07T08:43:58,stationary,1,Not charging,100,6400000,6400000,0,16677000,4.1692,2,80,0,0x04,0,0
2026-09-07T08:44:08,stationary,1,Not charging,100,6400000,6400000,0,16677000,4.1692,2,80,0,0x04,0,0
2026-09-07T08:44:18,stationary,1,Not charging,100,6400000,6400000,0,16677000,4.1692,2,80,0,0x04,0,0
2026-09-07T08:44:28,stationary,1,Not charging,100,6400000,6400000,0,16677000,4.1692,2,80,0,0x04,0,0
2026-09-07T08:44:29,raise:balanced,1,Not charging,100,6400000,6400000,0,16677000,4.1692,1,80,0,0x04,0,0
2026-09-07T08:44:39,raise:balanced,1,Not charging,100,6400000,6400000,0,16677000,4.1692,1,80,0,0x04,0,0
2026-09-07T08:44:49,raise:balanced,1,Not charging,100,6400000,6400000,0,16677000,4.1692,1,80,0,0x04,0,0
2026-09-07T08:44:59,raise:balanced,1,Not charging,100,6400000,6400000,0,16677000,4.1692,1,80,0,0x04,0,0
2026-09-07T08:45:09,raise:balanced,1,Not charging,100,6400000,6400000,0,16677000,4.1692,1,80,0,0x04,0,0
2026-09-07T08:45:19,raise:balanced,1,Not charging,100,6400000,6400000,0,16677000,4.1692,1,80,0,0x04,0,0
2026-09-07T08:45:29,raise:balanced,1,Not charging,100,6400000,6400000,0,16677000,4.1692,1,80,0,0x04,0,0
2026-09-07T08:45:39,raise:balanced,1,Not charging,100,6400000,6400000,0,16677000,4.1692,1,80,0,0x04,0,0
2026-09-07T08:45:49,raise:balanced,1,Not charging,100,6400000,6400000,0,16677000,4.1692,1,80,0,0x04,0,0
2026-09-07T08:45:59,raise:balanced,1,Not charging,100,6400000,6400000,0,16677000,4.1692,1,80,0,0x04,0,0
2026-09-07T08:46:09,raise:balanced,1,Not charging,100,6400000,6400000,0,16677000,4.1692,1,80,0,0x04,0,0
2026-09-07T08:46:19,raise:balanced,1,Not charging,100,6400000,6400000,0,16677000,4.1692,1,80,0,0x04,0,0
2026-09-07T08:46:29,raise:balanced,1,Not charging,100,6400000,6400000,0,16677000,4.1692,1,80,0,0x04,0,0
2026-09-07T08:46:39,raise:balanced,1,Not charging,100,6400000,6400000,0,16677000,4.1692,1,80,0,0x04,0,0
2026-09-07T08:46:49,raise:balanced,1,Not charging,100,6400000,6400000,0,16677000,4.1692,1,80,0,0x04,0,0
2026-09-07T08:46:59,raise:balanced,1,Not charging,100,6400000,6400000,0,16677000,4.1692,1,80,0,0x04,0,0
2026-09-07T08:47:09,raise:balanced,1,Not charging,100,6400000,6400000,0,16677000,4.1692,1,80,0,0x04,0,0
2026-09-07T08:47:19,raise:balanced,1,Not charging,100,6400000,6400000,0,16677000,4.1692,1,80,0,0x04,0,0
2026-09-07T08:47:29,raise:balanced,1,Not charging,100,6400000,6400000,0,16677000,4.1692,1,80,0,0x04,0,0
2026-09-07T08:47:39,raise:balanced,1,Not charging,100,6400000,6400000,0,16677000,4.1692,1,80,0,0x04,0,0
2026-09-07T08:47:49,raise:balanced,1,Not charging,100,6400000,6400000,0,16677000,4.1692,1,80,0,0x04,0,0
2026-09-07T08:47:59,raise:balanced,1,Not charging,100,6400000,6400000,0,16677000,4.1692,1,80,0,0x04,0,0
2026-09-07T08:48:09,raise:balanced,1,Not charging,100,6400000,6400000,0,16677000,4.1692,1,80,0,0x04,0,0
2026-09-07T08:48:19,raise:balanced,1,Not charging,100,6400000,6400000,0,16677000,4.1692,1,80,0,0x04,0,0
2026-09-07T08:48:29,raise:balanced,1,Not charging,100,6400000,6400000,0,16677000,4.1692,1,80,0,0x04,0,0
2026-09-07T08:48:39,raise:balanced,1,Not charging,100,6400000,6400000,0,16677000,4.1692,1,80,0,0x04,0,0
2026-09-07T08:48:49,raise:balanced,1,Not charging,100,6400000,6400000,0,16677000,4.1692,1,80,0,0x04,0,0
2026-09-07T08:48:59,raise:balanced,1,Not charging,100,6400000,6400000,0,16677000,4.1692,1,80,0,0x04,0,0
2026-09-07T08:49:09,raise:balanced,1,Not charging,100,6400000,6400000,0,16677000,4.1692,1,80,0,0x04,0,0
2026-09-07T08:49:19,raise:balanced,1,Not charging,100,6400000,6400000,0,16677000,4.1692,1,80,0,0x04,0,0
2026-09-07T08:49:29,raise:balanced,1,Not charging,100,6400000,6400000,0,16677000,4.1692,1,80,0,0x04,0,0
2026-09-07T08:49:39,raise:balanced,1,Not charging,100,6400000,6400000,0,16677000,4.1692,1,80,0,0x04,0,0
2026-09-07T08:49:49,raise:balanced,1,Not charging,100,6400000,6400000,0,16677000,4.1692,1,80,0,0x04,0,0
2026-09-07T08:49:59,raise:balanced,1,Not charging,100,6400000,6400000,0,16677000,4.1692,1,80,0,0x04,0,0
2026-09-07T08:50:09,raise:balanced,1,Not charging,100,6400000,6400000,0,16677000,4.1692,1,80,0,0x04,0,0
2026-09-07T08:50:19,raise:balanced,1,Not charging,100,6400000,6400000,0,16677000,4.1692,1,80,0,0x04,0,0
2026-09-07T08:50:29,raise:balanced,1,Not charging,100,6400000,6400000,0,16677000,4.1692,1,80,0,0x04,0,0
2026-09-07T08:50:39,raise:balanced,1,Not charging,100,6400000,6400000,0,16677000,4.1692,1,80,0,0x04,0,0
2026-09-07T08:50:49,raise:balanced,1,Not charging,100,6400000,6400000,0,16677000,4.1692,1,80,0,0x04,0,0
2026-09-07T08:50:59,raise:balanced,1,Not charging,100,6400000,6400000,0,16677000,4.1692,1,80,0,0x04,0,0
2026-09-07T08:51:09,raise:balanced,1,Not charging,100,6400000,6400000,0,16677000,4.1692,1,80,0,0x04,0,0
2026-09-07T08:51:19,raise:balanced,1,Not charging,100,6400000,6400000,0,16677000,4.1692,1,80,0,0x04,0,0
2026-09-07T08:51:29,raise:balanced,1,Not charging,100,6400000,6400000,0,16677000,4.1692,1,80,0,0x04,0,0
2026-09-07T08:51:39,raise:balanced,1,Not charging,100,6400000,6400000,0,16677000,4.1692,1,80,0,0x04,0,0
2026-09-07T08:51:49,raise:balanced,1,Not charging,100,6400000,6400000,0,16677000,4.1692,1,80,0,0x04,0,0
2026-09-07T08:51:59,raise:balanced,1,Not charging,100,6400000,6400000,0,16677000,4.1692,1,80,0,0x04,0,0
2026-09-07T08:52:09,raise:balanced,1,Not charging,100,6400000,6400000,0,16677000,4.1692,1,80,0,0x04,0,0
2026-09-07T08:52:19,raise:balanced,1,Not charging,100,6400000,6400000,0,16677000,4.1692,1,80,0,0x04,0,0
2026-09-07T08:52:29,raise:balanced,1,Not charging,100,6400000,6400000,0,16677000,4.1692,1,80,0,0x04,0,0
2026-09-07T08:52:39,raise:balanced,1,Not charging,100,6400000,6400000,0,16677000,4.1692,1,80,0,0x04,0,0
2026-09-07T08:52:49,raise:balanced,1,Not charging,100,6400000,6400000,0,16677000,4.1692,1,80,0,0x04,0,0
2026-09-07T08:52:59,raise:balanced,1,Not charging,100,6400000,6400000,0,16677000,4.1692,1,80,0,0x04,0,0
2026-09-07T08:53:09,raise:balanced,1,Not charging,100,6400000,6400000,0,16677000,4.1692,1,80,0,0x04,0,0
2026-09-07T08:53:19,raise:balanced,1,Not charging,100,6400000,6400000,0,16677000,4.1692,1,80,0,0x04,0,0
2026-09-07T08:53:29,raise:balanced,1,Not charging,100,6400000,6400000,0,16677000,4.1692,1,80,0,0x04,0,0
2026-09-07T08:53:39,raise:balanced,1,Not charging,100,6400000,6400000,0,16677000,4.1692,1,80,0,0x04,0,0
2026-09-07T08:53:49,raise:balanced,1,Not charging,100,6400000,6400000,0,16677000,4.1692,1,80,0,0x04,0,0
2026-09-07T08:53:59,raise:balanced,1,Not charging,100,6400000,6400000,0,16677000,4.1692,1,80,0,0x04,0,0
2026-09-07T08:54:09,raise:balanced,1,Not charging,100,6400000,6400000,0,16677000,4.1692,1,80,0,0x04,0,0
2026-09-07T08:54:19,raise:balanced,1,Not charging,100,6400000,6400000,0,16677000,4.1692,1,80,0,0x04,0,0
2026-09-07T08:54:29,raise:balanced,1,Not charging,100,6400000,6400000,0,16677000,4.1692,1,80,0,0x04,0,0
2026-09-07T08:54:39,raise:balanced,1,Not charging,100,6400000,6400000,0,16677000,4.1692,1,80,0,0x04,0,0
2026-09-07T08:54:49,raise:balanced,1,Not charging,100,6400000,6400000,0,16677000,4.1692,1,80,0,0x04,0,0
2026-09-07T08:54:59,raise:balanced,1,Not charging,100,6400000,6400000,0,16677000,4.1692,1,80,0,0x04,0,0
2026-09-07T08:55:09,raise:balanced,1,Not charging,100,6400000,6400000,0,16677000,4.1692,1,80,0,0x04,0,0
2026-09-07T08:55:19,raise:balanced,1,Not charging,100,6400000,6400000,0,16677000,4.1692,1,80,0,0x04,0,0
2026-09-07T08:55:29,raise:balanced,1,Not charging,100,6400000,6400000,0,16677000,4.1692,1,80,0,0x04,0,0
2026-09-07T08:55:40,raise:balanced,1,Not charging,100,6400000,6400000,0,16677000,4.1692,1,80,0,0x04,0,0
2026-09-07T08:55:50,raise:balanced,1,Not charging,100,6400000,6400000,0,16677000,4.1692,1,80,0,0x04,0,0
2026-09-07T08:56:00,raise:balanced,1,Not charging,100,6400000,6400000,0,16677000,4.1692,1,80,0,0x04,0,0
2026-09-07T08:56:10,raise:balanced,1,Not charging,100,6400000,6400000,0,16677000,4.1692,1,80,0,0x04,0,0
2026-09-07T08:56:20,raise:balanced,1,Not charging,100,6400000,6400000,0,16677000,4.1692,1,80,0,0x04,0,0
2026-09-07T08:56:30,raise:balanced,1,Not charging,100,6400000,6400000,0,16677000,4.1692,1,80,0,0x04,0,0
2026-09-07T08:56:40,raise:balanced,1,Not charging,100,6400000,6400000,0,16677000,4.1692,1,80,0,0x04,0,0
2026-09-07T08:56:50,raise:balanced,1,Not charging,100,6400000,6400000,0,16677000,4.1692,1,80,0,0x04,0,0
2026-09-07T08:57:00,raise:balanced,1,Not charging,100,6400000,6400000,0,16677000,4.1692,1,80,0,0x04,0,0
2026-09-07T08:57:10,raise:balanced,1,Not charging,100,6400000,6400000,0,16677000,4.1692,1,80,0,0x04,0,0
2026-09-07T08:57:20,raise:balanced,1,Not charging,100,6400000,6400000,0,16677000,4.1692,1,80,0,0x04,0,0
2026-09-07T08:57:30,raise:balanced,1,Not charging,100,6400000,6400000,0,16677000,4.1692,1,80,0,0x04,0,0
2026-09-07T08:57:40,raise:balanced,1,Not charging,100,6400000,6400000,0,16677000,4.1692,1,80,0,0x04,0,0
2026-09-07T08:57:50,raise:balanced,1,Not charging,100,6400000,6400000,0,16677000,4.1692,1,80,0,0x04,0,0
2026-09-07T08:58:00,raise:balanced,1,Not charging,100,6400000,6400000,0,16677000,4.1692,1,80,0,0x04,0,0
2026-09-07T08:58:10,raise:balanced,1,Not charging,100,6400000,6400000,0,16677000,4.1692,1,80,0,0x04,0,0
2026-09-07T08:58:20,raise:balanced,1,Not charging,100,6400000,6400000,0,16677000,4.1692,1,80,0,0x04,0,0
2026-09-07T08:58:30,raise:balanced,1,Not charging,100,6400000,6400000,0,16654000,4.1635,1,80,0,0x04,0,0
2026-09-07T08:58:40,raise:balanced,1,Not charging,100,6400000,6400000,0,16677000,4.1692,1,80,0,0x04,0,0
2026-09-07T08:58:50,raise:balanced,1,Not charging,100,6400000,6400000,0,16677000,4.1692,1,80,0,0x04,0,0
2026-09-07T08:59:00,raise:balanced,1,Not charging,100,6400000,6400000,0,16677000,4.1692,1,80,0,0x04,0,0
2026-09-07T08:59:10,raise:balanced,1,Not charging,100,6400000,6400000,0,16677000,4.1692,1,80,0,0x04,0,0
2026-09-07T08:59:20,raise:balanced,1,Not charging,100,6400000,6400000,0,16677000,4.1692,1,80,0,0x04,0,0
2026-09-07T08:59:30,balanced,1,Not charging,100,6400000,6400000,0,16677000,4.1692,1,80,0,0x04,0,0
2026-09-07T08:59:40,balanced,1,Not charging,100,6400000,6400000,0,16677000,4.1692,1,80,0,0x04,0,0
2026-09-07T08:59:50,balanced,1,Not charging,100,6400000,6400000,0,16677000,4.1692,1,80,0,0x04,0,0
2026-09-07T09:00:00,balanced,1,Not charging,100,6400000,6400000,0,16677000,4.1692,1,80,0,0x04,0,0
2026-09-07T09:00:10,balanced,1,Not charging,100,6400000,6400000,0,16677000,4.1692,1,80,0,0x04,0,0
2026-09-07T09:00:20,balanced,1,Not charging,100,6400000,6400000,0,16677000,4.1692,1,80,0,0x04,0,0
2026-09-07T09:00:30,balanced,1,Not charging,100,6400000,6400000,0,16677000,4.1692,1,80,0,0x04,0,0
2026-09-07T09:00:40,balanced,1,Not charging,100,6400000,6400000,0,16677000,4.1692,1,80,0,0x04,0,0
2026-09-07T09:00:50,balanced,1,Not charging,100,6400000,6400000,0,16677000,4.1692,1,80,0,0x04,0,0
2026-09-07T09:01:00,balanced,1,Not charging,100,6400000,6400000,0,16677000,4.1692,1,80,0,0x04,0,0
2026-09-07T09:01:10,balanced,1,Not charging,100,6400000,6400000,0,16677000,4.1692,1,80,0,0x04,0,0
2026-09-07T09:01:20,balanced,1,Not charging,100,6400000,6400000,0,16677000,4.1692,1,80,0,0x04,0,0
2026-09-07T09:01:30,balanced,1,Not charging,100,6400000,6400000,0,16677000,4.1692,1,80,0,0x04,0,0
2026-09-07T09:01:40,balanced,1,Not charging,100,6400000,6400000,0,16677000,4.1692,1,80,0,0x04,0,0
2026-09-07T09:01:50,balanced,1,Not charging,100,6400000,6400000,0,16677000,4.1692,1,80,0,0x04,0,0
2026-09-07T09:02:00,balanced,1,Not charging,100,6400000,6400000,0,16677000,4.1692,1,80,0,0x04,0,0
2026-09-07T09:02:10,balanced,1,Not charging,100,6400000,6400000,0,16677000,4.1692,1,80,0,0x04,0,0
2026-09-07T09:02:20,balanced,1,Not charging,100,6400000,6400000,0,16677000,4.1692,1,80,0,0x04,0,0
2026-09-07T09:02:30,balanced,1,Not charging,100,6400000,6400000,0,16677000,4.1692,1,80,0,0x04,0,0
2026-09-07T09:02:40,balanced,1,Not charging,100,6400000,6400000,0,16654000,4.1635,1,80,0,0x04,0,0
2026-09-07T09:02:50,balanced,1,Not charging,100,6400000,6400000,0,16677000,4.1692,1,80,0,0x04,0,0
2026-09-07T09:03:00,balanced,1,Not charging,100,6400000,6400000,0,16654000,4.1635,1,80,0,0x04,0,0
2026-09-07T09:03:10,balanced,1,Not charging,100,6400000,6400000,0,16677000,4.1692,1,80,0,0x04,0,0
2026-09-07T09:03:20,balanced,1,Not charging,100,6400000,6400000,0,16677000,4.1692,1,80,0,0x04,0,0
2026-09-07T09:03:30,balanced,1,Not charging,100,6400000,6400000,0,16677000,4.1692,1,80,0,0x04,0,0
2026-09-07T09:03:40,balanced,1,Not charging,100,6400000,6400000,0,16677000,4.1692,1,80,0,0x04,0,0
2026-09-07T09:03:50,balanced,1,Not charging,100,6400000,6400000,0,16677000,4.1692,1,80,0,0x04,0,0
2026-09-07T09:04:00,balanced,1,Not charging,100,6400000,6400000,0,16677000,4.1692,1,80,0,0x04,0,0
2026-09-07T09:04:10,balanced,1,Not charging,100,6400000,6400000,0,16677000,4.1692,1,80,0,0x04,0,0
2026-09-07T09:04:20,balanced,1,Not charging,100,6400000,6400000,0,16654000,4.1635,1,80,0,0x04,0,0
2026-09-07T09:04:30,balanced,1,Not charging,100,6400000,6400000,0,16677000,4.1692,1,80,0,0x04,0,0
2026-09-07T09:04:30,raise:high_capacity,1,Not charging,100,6400000,6400000,0,16677000,4.1692,0,80,0,0x04,0,0
2026-09-07T09:04:40,raise:high_capacity,1,Not charging,100,6400000,6400000,0,16677000,4.1692,0,80,0,0x04,0,0
2026-09-07T09:04:51,raise:high_capacity,1,Not charging,100,6400000,6400000,0,16677000,4.1692,0,80,0,0x04,0,0
2026-09-07T09:05:01,raise:high_capacity,1,Not charging,100,6400000,6400000,0,16677000,4.1692,0,80,0,0x04,0,0
2026-09-07T09:05:11,raise:high_capacity,1,Not charging,100,6400000,6400000,0,16654000,4.1635,0,80,0,0x04,0,0
2026-09-07T09:05:21,raise:high_capacity,1,Not charging,100,6400000,6400000,0,16677000,4.1692,0,80,0,0x04,0,0
2026-09-07T09:05:31,raise:high_capacity,1,Not charging,100,6400000,6400000,0,16654000,4.1635,0,80,0,0x04,0,0
2026-09-07T09:05:41,raise:high_capacity,1,Not charging,100,6400000,6400000,0,16677000,4.1692,0,80,0,0x04,0,0
2026-09-07T09:05:51,raise:high_capacity,1,Not charging,100,6400000,6400000,0,16677000,4.1692,0,80,0,0x04,0,0
2026-09-07T09:06:01,raise:high_capacity,1,Not charging,100,6400000,6400000,0,16677000,4.1692,0,80,0,0x04,0,0
2026-09-07T09:06:11,raise:high_capacity,1,Not charging,100,6400000,6400000,0,16654000,4.1635,0,80,0,0x04,0,0
2026-09-07T09:06:21,raise:high_capacity,1,Not charging,100,6400000,6400000,0,16654000,4.1635,0,80,0,0x04,0,0
2026-09-07T09:06:31,raise:high_capacity,1,Not charging,100,6400000,6400000,0,16654000,4.1635,0,80,0,0x04,0,0
2026-09-07T09:06:41,raise:high_capacity,1,Not charging,100,6400000,6400000,0,16654000,4.1635,0,80,0,0x04,0,0
2026-09-07T09:06:51,raise:high_capacity,1,Not charging,100,6400000,6400000,0,16654000,4.1635,0,80,0,0x04,0,0
2026-09-07T09:07:01,raise:high_capacity,1,Not charging,100,6400000,6400000,0,16654000,4.1635,0,80,0,0x04,0,0
2026-09-07T09:07:11,raise:high_capacity,1,Not charging,100,6400000,6400000,0,16677000,4.1692,0,80,0,0x04,0,0
2026-09-07T09:07:21,raise:high_capacity,1,Not charging,100,6400000,6400000,0,16654000,4.1635,0,80,0,0x04,0,0
2026-09-07T09:07:31,raise:high_capacity,1,Not charging,100,6400000,6400000,0,16654000,4.1635,0,80,0,0x04,0,0
2026-09-07T09:07:41,raise:high_capacity,1,Not charging,100,6400000,6400000,0,16654000,4.1635,0,80,0,0x04,0,0
2026-09-07T09:07:51,raise:high_capacity,1,Not charging,100,6400000,6400000,0,16654000,4.1635,0,80,0,0x04,0,0
2026-09-07T09:08:01,raise:high_capacity,1,Not charging,100,6400000,6400000,0,16654000,4.1635,0,80,0,0x04,0,0
2026-09-07T09:08:11,raise:high_capacity,1,Not charging,100,6400000,6400000,0,16654000,4.1635,0,80,0,0x04,0,0
2026-09-07T09:08:21,raise:high_capacity,1,Not charging,100,6400000,6400000,0,16677000,4.1692,0,80,0,0x04,0,0
2026-09-07T09:08:31,raise:high_capacity,1,Not charging,100,6400000,6400000,0,16654000,4.1635,0,80,0,0x04,0,0
2026-09-07T09:08:41,raise:high_capacity,1,Not charging,100,6400000,6400000,0,16677000,4.1692,0,80,0,0x04,0,0
2026-09-07T09:08:51,raise:high_capacity,1,Not charging,100,6400000,6400000,0,16654000,4.1635,0,80,0,0x04,0,0
2026-09-07T09:09:01,raise:high_capacity,1,Not charging,100,6400000,6400000,0,16654000,4.1635,0,80,0,0x04,0,0
2026-09-07T09:09:11,raise:high_capacity,1,Not charging,100,6400000,6400000,0,16654000,4.1635,0,80,0,0x04,0,0
2026-09-07T09:09:21,raise:high_capacity,1,Not charging,100,6400000,6400000,0,16654000,4.1635,0,80,0,0x04,0,0
2026-09-07T09:09:31,raise:high_capacity,1,Not charging,100,6400000,6400000,0,16654000,4.1635,0,80,0,0x04,0,0
2026-09-07T09:09:41,raise:high_capacity,1,Not charging,100,6400000,6400000,0,16677000,4.1692,0,80,0,0x04,0,0
2026-09-07T09:09:51,raise:high_capacity,1,Not charging,100,6400000,6400000,0,16677000,4.1692,0,80,0,0x04,0,0
2026-09-07T09:10:01,raise:high_capacity,1,Not charging,100,6400000,6400000,0,16677000,4.1692,0,80,0,0x04,0,0
2026-09-07T09:10:11,raise:high_capacity,1,Not charging,100,6400000,6400000,0,16654000,4.1635,0,80,0,0x04,0,0
2026-09-07T09:10:21,raise:high_capacity,1,Not charging,100,6400000,6400000,0,16677000,4.1692,0,80,0,0x04,0,0
2026-09-07T09:10:31,raise:high_capacity,1,Not charging,100,6400000,6400000,0,16677000,4.1692,0,80,0,0x04,0,0
2026-09-07T09:10:41,raise:high_capacity,1,Not charging,100,6400000,6400000,0,16654000,4.1635,0,80,0,0x04,0,0
2026-09-07T09:10:51,raise:high_capacity,1,Not charging,100,6400000,6400000,0,16654000,4.1635,0,80,0,0x04,0,0
2026-09-07T09:11:01,raise:high_capacity,1,Not charging,100,6400000,6400000,0,16654000,4.1635,0,80,0,0x04,0,0
2026-09-07T09:11:11,raise:high_capacity,1,Not charging,100,6400000,6400000,0,16654000,4.1635,0,80,0,0x04,0,0
2026-09-07T09:11:21,raise:high_capacity,1,Not charging,100,6400000,6400000,0,16654000,4.1635,0,80,0,0x04,0,0
2026-09-07T09:11:31,raise:high_capacity,1,Not charging,100,6400000,6400000,0,16654000,4.1635,0,80,0,0x04,0,0
2026-09-07T09:11:41,raise:high_capacity,1,Not charging,100,6400000,6400000,0,16654000,4.1635,0,80,0,0x04,0,0
2026-09-07T09:11:51,raise:high_capacity,1,Not charging,100,6400000,6400000,0,16654000,4.1635,0,80,0,0x04,0,0
2026-09-07T09:12:01,raise:high_capacity,1,Not charging,100,6400000,6400000,0,16654000,4.1635,0,80,0,0x04,0,0
2026-09-07T09:12:11,raise:high_capacity,1,Not charging,100,6400000,6400000,0,16654000,4.1635,0,80,0,0x04,0,0
2026-09-07T09:12:21,raise:high_capacity,1,Not charging,100,6400000,6400000,0,16654000,4.1635,0,80,0,0x04,0,0
2026-09-07T09:12:31,raise:high_capacity,1,Not charging,100,6400000,6400000,0,16654000,4.1635,0,80,0,0x04,0,0
2026-09-07T09:12:41,raise:high_capacity,1,Not charging,100,6400000,6400000,0,16654000,4.1635,0,80,0,0x04,0,0
2026-09-07T09:12:51,raise:high_capacity,1,Not charging,100,6400000,6400000,0,16654000,4.1635,0,80,0,0x04,0,0
2026-09-07T09:13:01,raise:high_capacity,1,Not charging,100,6400000,6400000,0,16654000,4.1635,0,80,0,0x04,0,0
2026-09-07T09:13:11,raise:high_capacity,1,Not charging,100,6400000,6400000,0,16654000,4.1635,0,80,0,0x04,0,0
2026-09-07T09:13:21,raise:high_capacity,1,Not charging,100,6400000,6400000,0,16654000,4.1635,0,80,0,0x04,0,0
2026-09-07T09:13:31,raise:high_capacity,1,Not charging,100,6400000,6400000,0,16654000,4.1635,0,80,0,0x04,0,0
2026-09-07T09:13:41,raise:high_capacity,1,Not charging,100,6400000,6400000,0,16654000,4.1635,0,80,0,0x04,0,0
2026-09-07T09:13:51,raise:high_capacity,1,Not charging,100,6400000,6400000,0,16654000,4.1635,0,80,0,0x04,0,0
2026-09-07T09:14:01,raise:high_capacity,1,Not charging,100,6400000,6400000,0,16654000,4.1635,0,80,0,0x04,0,0
2026-09-07T09:14:11,raise:high_capacity,1,Not charging,100,6400000,6400000,0,16654000,4.1635,0,80,0,0x04,0,0
2026-09-07T09:14:21,raise:high_capacity,1,Not charging,100,6400000,6400000,0,16654000,4.1635,0,80,0,0x04,0,0
2026-09-07T09:14:31,raise:high_capacity,1,Not charging,100,6400000,6400000,0,16654000,4.1635,0,80,0,0x04,0,0
2026-09-07T09:14:41,raise:high_capacity,1,Not charging,100,6400000,6400000,0,16654000,4.1635,0,80,0,0x04,0,0
2026-09-07T09:14:51,raise:high_capacity,1,Not charging,100,6400000,6400000,0,16654000,4.1635,0,80,0,0x04,0,0
2026-09-07T09:15:01,raise:high_capacity,1,Not charging,100,6400000,6400000,0,16654000,4.1635,0,80,0,0x04,0,0
2026-09-07T09:15:11,raise:high_capacity,1,Not charging,100,6400000,6400000,0,16654000,4.1635,0,80,0,0x04,0,0
2026-09-07T09:15:21,raise:high_capacity,1,Not charging,100,6400000,6400000,0,16654000,4.1635,0,80,0,0x04,0,0
2026-09-07T09:15:31,raise:high_capacity,1,Not charging,100,6400000,6400000,0,16654000,4.1635,0,80,0,0x04,0,0
2026-09-07T09:15:41,raise:high_capacity,1,Not charging,100,6400000,6400000,0,16654000,4.1635,0,80,0,0x04,0,0
2026-09-07T09:15:51,raise:high_capacity,1,Not charging,100,6400000,6400000,0,16654000,4.1635,0,80,0,0x04,0,0
2026-09-07T09:16:01,raise:high_capacity,1,Not charging,100,6400000,6400000,0,16654000,4.1635,0,80,0,0x04,0,0
2026-09-07T09:16:12,raise:high_capacity,1,Not charging,100,6400000,6400000,0,16654000,4.1635,0,80,0,0x04,0,0
2026-09-07T09:16:22,raise:high_capacity,1,Not charging,100,6400000,6400000,0,16654000,4.1635,0,80,0,0x04,0,0
2026-09-07T09:16:32,raise:high_capacity,1,Not charging,100,6400000,6400000,0,16654000,4.1635,0,80,0,0x04,0,0
2026-09-07T09:16:42,raise:high_capacity,1,Not charging,100,6400000,6400000,0,16654000,4.1635,0,80,0,0x04,0,0
2026-09-07T09:16:52,raise:high_capacity,1,Not charging,100,6400000,6400000,0,16654000,4.1635,0,80,0,0x04,0,0
2026-09-07T09:17:02,raise:high_capacity,1,Not charging,100,6400000,6400000,0,16654000,4.1635,0,80,0,0x04,0,0
2026-09-07T09:17:12,raise:high_capacity,1,Not charging,100,6400000,6400000,0,16654000,4.1635,0,80,0,0x04,0,0
2026-09-07T09:17:22,raise:high_capacity,1,Not charging,100,6400000,6400000,0,16654000,4.1635,0,80,0,0x04,0,0
2026-09-07T09:17:32,raise:high_capacity,1,Not charging,100,6400000,6400000,0,16654000,4.1635,0,80,0,0x04,0,0
2026-09-07T09:17:42,raise:high_capacity,1,Not charging,100,6400000,6400000,0,16654000,4.1635,0,80,0,0x04,0,0
2026-09-07T09:17:52,raise:high_capacity,1,Not charging,100,6400000,6400000,0,16654000,4.1635,0,80,0,0x04,0,0
2026-09-07T09:18:02,raise:high_capacity,1,Not charging,100,6400000,6400000,0,16654000,4.1635,0,80,0,0x04,0,0
2026-09-07T09:18:12,raise:high_capacity,1,Not charging,100,6400000,6400000,0,16654000,4.1635,0,80,0,0x04,0,0
2026-09-07T09:18:22,raise:high_capacity,1,Not charging,100,6400000,6400000,0,16654000,4.1635,0,80,0,0x04,0,0
2026-09-07T09:18:32,raise:high_capacity,1,Not charging,100,6400000,6400000,0,16654000,4.1635,0,80,0,0x04,0,0
2026-09-07T09:18:42,raise:high_capacity,1,Not charging,100,6400000,6400000,0,16677000,4.1692,0,80,0,0x04,0,0
2026-09-07T09:18:52,raise:high_capacity,1,Not charging,100,6400000,6400000,0,16654000,4.1635,0,80,0,0x04,0,0
2026-09-07T09:19:02,raise:high_capacity,1,Not charging,100,6400000,6400000,0,16654000,4.1635,0,80,0,0x04,0,0
2026-09-07T09:19:12,raise:high_capacity,1,Not charging,100,6400000,6400000,0,16654000,4.1635,0,80,0,0x04,0,0
2026-09-07T09:19:22,raise:high_capacity,1,Not charging,100,6400000,6400000,0,16654000,4.1635,0,80,0,0x04,0,0
2026-09-07T09:19:32,high_capacity,1,Not charging,100,6400000,6400000,0,16654000,4.1635,0,80,0,0x04,0,0
2026-09-07T09:19:42,high_capacity,1,Not charging,100,6400000,6400000,0,16654000,4.1635,0,80,0,0x04,0,0
2026-09-07T09:19:52,high_capacity,1,Not charging,100,6400000,6400000,0,16654000,4.1635,0,80,0,0x04,0,0
2026-09-07T09:20:02,high_capacity,1,Not charging,100,6400000,6400000,0,16654000,4.1635,0,80,0,0x04,0,0
2026-09-07T09:20:12,high_capacity,1,Not charging,100,6400000,6400000,0,16654000,4.1635,0,80,0,0x04,0,0
2026-09-07T09:20:22,high_capacity,1,Not charging,100,6400000,6400000,0,16654000,4.1635,0,80,0,0x04,0,0
2026-09-07T09:20:32,high_capacity,1,Not charging,100,6400000,6400000,0,16654000,4.1635,0,80,0,0x04,0,0
2026-09-07T09:20:42,high_capacity,1,Not charging,100,6400000,6400000,0,16654000,4.1635,0,80,0,0x04,0,0
2026-09-07T09:20:52,high_capacity,1,Not charging,100,6400000,6400000,0,16654000,4.1635,0,80,0,0x04,0,0
2026-09-07T09:21:02,high_capacity,1,Not charging,100,6400000,6400000,0,16654000,4.1635,0,80,0,0x04,0,0
2026-09-07T09:21:12,high_capacity,1,Not charging,100,6400000,6400000,0,16654000,4.1635,0,80,0,0x04,0,0
2026-09-07T09:21:22,high_capacity,1,Not charging,100,6400000,6400000,0,16654000,4.1635,0,80,0,0x04,0,0
2026-09-07T09:21:32,high_capacity,1,Not charging,100,6400000,6400000,0,16654000,4.1635,0,80,0,0x04,0,0
2026-09-07T09:21:42,high_capacity,1,Not charging,100,6400000,6400000,0,16654000,4.1635,0,80,0,0x04,0,0
2026-09-07T09:21:52,high_capacity,1,Not charging,100,6400000,6400000,0,16654000,4.1635,0,80,0,0x04,0,0
2026-09-07T09:22:02,high_capacity,1,Not charging,100,6400000,6400000,0,16654000,4.1635,0,80,0,0x04,0,0
2026-09-07T09:22:12,high_capacity,1,Not charging,100,6400000,6400000,0,16654000,4.1635,0,80,0,0x04,0,0
2026-09-07T09:22:22,high_capacity,1,Not charging,100,6400000,6400000,0,16654000,4.1635,0,80,0,0x04,0,0
2026-09-07T09:22:32,high_capacity,1,Not charging,100,6400000,6400000,0,16654000,4.1635,0,80,0,0x04,0,0
2026-09-07T09:22:42,high_capacity,1,Not charging,100,6400000,6400000,0,16654000,4.1635,0,80,0,0x04,0,0
2026-09-07T09:22:52,high_capacity,1,Not charging,100,6400000,6400000,0,16654000,4.1635,0,80,0,0x04,0,0
2026-09-07T09:23:02,high_capacity,1,Not charging,100,6400000,6400000,0,16654000,4.1635,0,80,0,0x04,0,0
2026-09-07T09:23:12,high_capacity,1,Not charging,100,6400000,6400000,0,16654000,4.1635,0,80,0,0x04,0,0
2026-09-07T09:23:22,high_capacity,1,Not charging,100,6400000,6400000,0,16677000,4.1692,0,80,0,0x04,0,0
2026-09-07T09:23:32,high_capacity,1,Not charging,100,6400000,6400000,0,16654000,4.1635,0,80,0,0x04,0,0
2026-09-07T09:23:42,high_capacity,1,Not charging,100,6400000,6400000,0,16654000,4.1635,0,80,0,0x04,0,0
2026-09-07T09:23:52,high_capacity,1,Not charging,100,6400000,6400000,0,16654000,4.1635,0,80,0,0x04,0,0
2026-09-07T09:24:02,high_capacity,1,Not charging,100,6400000,6400000,0,16654000,4.1635,0,80,0,0x04,0,0
2026-09-07T09:24:12,high_capacity,1,Not charging,100,6400000,6400000,0,16654000,4.1635,0,80,0,0x04,0,0
2026-09-07T09:24:22,high_capacity,1,Not charging,100,6400000,6400000,0,16654000,4.1635,0,80,0,0x04,0,0
2026-09-07T09:24:32,high_capacity,1,Not charging,100,6400000,6400000,0,16654000,4.1635,0,80,0,0x04,0,0
