timestamp,raw,threshold,reached,profile,capacity,current_ma,voltage_uv,status
2026-08-30T10:43:44,80,80,0,2,76,1531,15564000,Discharging
2026-08-30T10:43:45,80,80,0,2,76,1599,15564000,Discharging
2026-08-30T10:43:46,80,80,0,2,76,1565,15564000,Discharging
2026-08-30T10:43:47,80,80,0,2,76,1497,15564000,Discharging
2026-08-30T10:43:48,80,80,0,2,76,1497,15564000,Discharging
2026-08-30T10:43:49,80,80,0,2,76,0,15552000,Not charging
2026-08-30T10:43:50,80,80,0,2,76,1666,15552000,Charging
2026-08-30T10:43:51,80,80,0,2,76,1972,15552000,Charging
2026-08-30T10:43:52,80,80,0,2,76,1972,15552000,Charging
2026-08-30T10:43:53,80,80,0,2,76,2006,16044000,Charging
2026-08-30T10:43:54,80,80,0,2,76,2006,16044000,Charging
2026-08-30T10:43:55,80,80,0,2,76,2006,16044000,Charging
2026-08-30T10:43:56,80,80,0,2,76,2006,16185000,Charging
2026-08-30T10:43:57,80,80,0,2,76,2006,16185000,Charging
2026-08-30T10:43:58,80,80,0,2,76,2006,16185000,Charging
2026-08-30T10:43:59,80,80,0,2,76,2006,16232000,Charging
2026-08-30T10:44:00,80,80,0,2,76,2006,16232000,Charging
2026-08-30T10:44:01,80,80,0,2,76,2006,16232000,Charging
2026-08-30T10:44:02,80,80,0,2,76,2006,16232000,Charging
2026-08-30T10:44:03,80,80,0,2,76,2006,16232000,Charging
2026-08-30T10:44:04,80,80,0,2,76,2006,16232000,Charging
2026-08-30T10:44:05,80,80,0,2,76,2006,16255000,Charging
2026-08-30T10:44:06,80,80,0,2,76,2006,16255000,Charging
2026-08-30T10:44:07,80,80,0,2,76,2006,16255000,Charging
2026-08-30T10:44:08,80,80,0,2,76,2006,16255000,Charging
2026-08-30T10:44:09,80,80,0,2,76,2006,16255000,Charging
2026-08-30T10:44:10,80,80,0,2,76,2006,16255000,Charging
2026-08-30T10:44:11,80,80,0,2,76,2006,16255000,Charging
2026-08-30T10:44:12,80,80,0,2,76,0,16279000,Not charging
2026-08-30T10:44:13,80,80,0,2,76,0,16279000,Not charging
2026-08-30T10:44:14,80,80,0,2,76,4012,16279000,Charging
2026-08-30T10:44:15,80,80,0,2,76,4692,16255000,Charging
2026-08-30T10:44:16,80,80,0,2,76,4624,16255000,Charging
2026-08-30T10:44:17,80,80,0,2,76,4590,16255000,Charging
2026-08-30T10:44:18,80,80,0,2,76,4556,16748000,Charging
2026-08-30T10:44:19,80,80,0,2,76,4522,16748000,Charging
2026-08-30T10:44:20,80,80,0,2,76,4454,16748000,Charging
2026-08-30T10:44:21,80,80,0,2,76,4454,16771000,Charging
2026-08-30T10:44:22,80,80,0,2,76,4420,16771000,Charging
2026-08-30T10:44:23,80,80,0,2,76,4352,16771000,Charging
2026-08-30T10:44:24,80,80,0,2,76,4352,16771000,Charging
2026-08-30T10:44:25,80,80,0,2,76,4318,16771000,Charging
2026-08-30T10:44:26,80,80,0,2,76,4318,16771000,Charging
2026-08-30T10:44:27,80,80,0,2,76,4250,16771000,Charging
2026-08-30T10:44:28,80,80,0,2,77,4250,16771000,Charging
2026-08-30T10:44:29,80,80,0,2,77,4250,16771000,Charging
2026-08-30T10:44:30,80,80,0,2,77,4216,16771000,Charging
2026-08-30T10:44:31,80,80,0,2,77,4182,16771000,Charging
2026-08-30T10:44:32,80,80,0,2,77,4182,16771000,Charging
2026-08-30T10:44:33,80,80,0,2,77,4148,16771000,Charging
2026-08-30T10:44:34,80,80,0,2,77,4148,16771000,Charging
2026-08-30T10:44:35,80,80,0,2,77,4114,16771000,Charging
2026-08-30T10:44:36,80,80,0,2,77,4114,16771000,Charging
2026-08-30T10:44:37,80,80,0,2,77,4080,16771000,Charging
2026-08-30T10:44:38,80,80,0,2,77,4080,16771000,Charging
2026-08-30T10:44:39,80,80,0,2,77,4080,16771000,Charging
2026-08-30T10:44:40,80,80,0,2,77,4046,16771000,Charging
2026-08-30T10:44:41,80,80,0,2,77,4046,16771000,Charging
2026-08-30T10:44:42,80,80,0,2,77,4046,16771000,Charging
2026-08-30T10:44:43,80,80,0,2,77,4012,16748000,Charging
2026-08-30T10:44:44,80,80,0,2,77,4012,16748000,Charging
2026-08-30T10:44:45,80,80,0,2,77,3978,16748000,Charging
2026-08-30T10:44:46,80,80,0,2,77,3978,16771000,Charging
2026-08-30T10:44:48,80,80,0,2,77,3978,16771000,Charging
2026-08-30T10:44:49,80,80,0,2,77,3978,16771000,Charging
2026-08-30T10:44:50,80,80,0,2,77,3944,16771000,Charging
2026-08-30T10:44:51,80,80,0,2,77,3944,16771000,Charging
2026-08-30T10:44:52,80,80,0,2,77,3944,16771000,Charging
2026-08-30T10:44:53,80,80,0,2,77,3944,16771000,Charging
2026-08-30T10:44:54,80,80,0,2,77,3910,16771000,Charging
2026-08-30T10:44:55,80,80,0,2,77,3910,16771000,Charging
2026-08-30T10:44:56,80,80,0,2,77,3910,16771000,Charging
2026-08-30T10:44:57,80,80,0,2,77,3876,16771000,Charging
2026-08-30T10:44:58,80,80,0,2,77,3876,16771000,Charging
2026-08-30T10:44:59,80,80,0,2,77,3876,16771000,Charging
2026-08-30T10:45:00,80,80,0,2,77,3876,16771000,Charging
2026-08-30T10:45:01,80,80,0,2,77,3876,16771000,Charging
2026-08-30T10:45:02,80,80,0,2,77,3842,16771000,Charging
2026-08-30T10:45:03,80,80,0,2,77,3842,16771000,Charging
2026-08-30T10:45:04,80,80,0,2,77,3842,16771000,Charging
2026-08-30T10:45:05,80,80,0,2,77,3842,16771000,Charging
2026-08-30T10:45:06,80,80,0,2,77,3842,16771000,Charging
2026-08-30T10:45:07,80,80,0,2,77,3808,16771000,Charging
2026-08-30T10:45:08,80,80,0,2,77,3808,16771000,Charging
2026-08-30T10:45:09,80,80,0,2,77,3808,16771000,Charging
2026-08-30T10:45:10,80,80,0,2,77,3808,16771000,Charging
2026-08-30T10:45:11,80,80,0,2,77,3808,16771000,Charging
2026-08-30T10:45:12,80,80,0,2,77,3808,16771000,Charging
2026-08-30T10:45:13,80,80,0,2,77,3774,16771000,Charging
2026-08-30T10:45:14,80,80,0,2,77,3774,16771000,Charging
2026-08-30T10:45:15,80,80,0,2,77,3774,16771000,Charging
2026-08-30T10:45:16,80,80,0,2,77,3774,16771000,Charging
2026-08-30T10:45:17,80,80,0,2,77,3774,16771000,Charging
2026-08-30T10:45:18,80,80,0,2,77,3774,16771000,Charging
2026-08-30T10:45:19,80,80,0,2,77,3774,16771000,Charging
2026-08-30T10:45:20,80,80,0,2,77,3774,16771000,Charging
2026-08-30T10:45:21,80,80,0,2,77,3740,16771000,Charging
2026-08-30T10:45:22,80,80,0,2,77,3740,16771000,Charging
2026-08-30T10:45:23,80,80,0,2,77,3740,16771000,Charging
2026-08-30T10:45:24,80,80,0,2,77,3706,16771000,Charging
2026-08-30T10:45:25,80,80,0,2,77,3706,16771000,Charging
2026-08-30T10:45:26,80,80,0,2,77,3706,16771000,Charging
2026-08-30T10:45:27,80,80,0,2,77,3706,16771000,Charging
2026-08-30T10:45:28,80,80,0,2,78,3706,16771000,Charging
2026-08-30T10:45:29,80,80,0,2,78,3706,16771000,Charging
2026-08-30T10:45:30,80,80,0,2,78,3706,16771000,Charging
2026-08-30T10:45:31,80,80,0,2,78,3706,16771000,Charging
2026-08-30T10:45:32,80,80,0,2,78,3706,16771000,Charging
2026-08-30T10:45:33,80,80,0,2,78,3672,16771000,Charging
2026-08-30T10:45:34,80,80,0,2,78,3672,16771000,Charging
2026-08-30T10:45:35,80,80,0,2,78,3672,16771000,Charging
2026-08-30T10:45:36,80,80,0,2,78,3672,16771000,Charging
2026-08-30T10:45:37,80,80,0,2,78,3672,16771000,Charging
2026-08-30T10:45:38,80,80,0,2,78,3672,16771000,Charging
2026-08-30T10:45:39,80,80,0,2,78,3672,16771000,Charging
2026-08-30T10:45:40,80,80,0,2,78,3672,16771000,Charging
2026-08-30T10:45:41,80,80,0,2,78,3672,16771000,Charging
2026-08-30T10:45:42,80,80,0,2,78,3672,16771000,Charging
2026-08-30T10:45:43,80,80,0,2,78,3638,16771000,Charging
2026-08-30T10:45:44,80,80,0,2,78,3638,16771000,Charging
2026-08-30T10:45:45,80,80,0,2,78,3638,16771000,Charging
2026-08-30T10:45:46,80,80,0,2,78,3638,16771000,Charging
2026-08-30T10:45:47,80,80,0,2,78,3638,16771000,Charging
2026-08-30T10:45:48,80,80,0,2,78,3638,16771000,Charging
2026-08-30T10:45:49,80,80,0,2,78,3638,16771000,Charging
2026-08-30T10:45:50,80,80,0,2,78,3604,16771000,Charging
2026-08-30T10:45:51,80,80,0,2,78,3604,16771000,Charging
2026-08-30T10:45:52,80,80,0,2,78,3604,16771000,Charging
2026-08-30T10:45:53,80,80,0,2,78,3604,16771000,Charging
2026-08-30T10:45:54,80,80,0,2,78,3604,16771000,Charging
2026-08-30T10:45:55,80,80,0,2,78,3604,16771000,Charging
2026-08-30T10:45:56,80,80,0,2,78,3604,16771000,Charging
2026-08-30T10:45:57,80,80,0,2,78,3604,16771000,Charging
2026-08-30T10:45:58,80,80,0,2,78,3604,16771000,Charging
2026-08-30T10:45:59,80,80,0,2,78,3570,16771000,Charging
2026-08-30T10:46:00,80,80,0,2,78,3570,16748000,Charging
2026-08-30T10:46:01,80,80,0,2,78,3570,16748000,Charging
2026-08-30T10:46:02,80,80,0,2,78,3570,16748000,Charging
2026-08-30T10:46:03,80,80,0,2,78,3570,16748000,Charging
2026-08-30T10:46:04,80,80,0,2,78,3570,16771000,Charging
2026-08-30T10:46:05,80,80,0,2,78,3570,16771000,Charging
2026-08-30T10:46:06,80,80,0,2,78,3570,16771000,Charging
2026-08-30T10:46:07,80,80,0,2,78,3570,16771000,Charging
2026-08-30T10:46:08,80,80,0,2,78,3570,16771000,Charging
2026-08-30T10:46:09,80,80,0,2,78,3570,16771000,Charging
2026-08-30T10:46:10,80,80,0,2,78,3570,16771000,Charging
2026-08-30T10:46:11,80,80,0,2,78,3570,16771000,Charging
2026-08-30T10:46:12,80,80,0,2,78,3536,16771000,Charging
2026-08-30T10:46:13,80,80,0,2,78,3536,16771000,Charging
2026-08-30T10:46:14,80,80,0,2,78,3536,16771000,Charging
2026-08-30T10:46:15,80,80,0,2,78,3536,16771000,Charging
2026-08-30T10:46:16,80,80,0,2,78,3536,16771000,Charging
2026-08-30T10:46:17,80,80,0,2,78,3536,16771000,Charging
2026-08-30T10:46:18,80,80,0,2,78,3536,16771000,Charging
2026-08-30T10:46:19,80,80,0,2,78,3502,16771000,Charging
2026-08-30T10:46:20,80,80,0,2,78,3502,16771000,Charging
2026-08-30T10:46:21,80,80,0,2,78,3502,16771000,Charging
2026-08-30T10:46:22,80,80,0,2,78,3502,16771000,Charging
2026-08-30T10:46:23,80,80,0,2,78,3502,16771000,Charging
2026-08-30T10:46:24,80,80,0,2,78,3502,16771000,Charging
2026-08-30T10:46:25,80,80,0,2,78,3502,16771000,Charging
2026-08-30T10:46:26,80,80,0,2,78,3502,16771000,Charging
2026-08-30T10:46:27,80,80,0,2,78,3502,16771000,Charging
2026-08-30T10:46:28,80,80,0,2,78,3502,16771000,Charging
2026-08-30T10:46:29,80,80,0,2,78,3502,16771000,Charging
2026-08-30T10:46:30,80,80,0,2,78,3468,16771000,Charging
2026-08-30T10:46:31,80,80,0,2,78,3468,16771000,Charging
2026-08-30T10:46:32,80,80,0,2,79,3468,16771000,Charging
2026-08-30T10:46:33,80,80,0,2,79,3468,16771000,Charging
2026-08-30T10:46:34,80,80,0,2,79,3468,16771000,Charging
2026-08-30T10:46:35,80,80,0,2,79,3468,16771000,Charging
2026-08-30T10:46:36,80,80,0,2,79,3468,16771000,Charging
2026-08-30T10:46:37,80,80,0,2,79,3468,16771000,Charging
2026-08-30T10:46:38,80,80,0,2,79,3468,16771000,Charging
2026-08-30T10:46:39,80,80,0,2,79,3434,16771000,Charging
2026-08-30T10:46:40,80,80,0,2,79,3434,16771000,Charging
2026-08-30T10:46:41,80,80,0,2,79,3434,16771000,Charging
2026-08-30T10:46:42,80,80,0,2,79,3434,16771000,Charging
2026-08-30T10:46:43,80,80,0,2,79,3434,16771000,Charging
2026-08-30T10:46:44,80,80,0,2,79,3434,16771000,Charging
2026-08-30T10:46:45,80,80,0,2,79,3434,16771000,Charging
2026-08-30T10:46:46,80,80,0,2,79,3434,16771000,Charging
2026-08-30T10:46:47,80,80,0,2,79,3434,16771000,Charging
2026-08-30T10:46:48,80,80,0,2,79,3434,16771000,Charging
2026-08-30T10:46:49,80,80,0,2,79,3434,16771000,Charging
2026-08-30T10:46:50,80,80,0,2,79,3434,16771000,Charging
2026-08-30T10:46:51,80,80,0,2,79,3434,16771000,Charging
2026-08-30T10:46:52,80,80,0,2,79,3434,16771000,Charging
2026-08-30T10:46:53,80,80,0,2,79,3400,16771000,Charging
2026-08-30T10:46:54,80,80,0,2,79,3400,16771000,Charging
2026-08-30T10:46:55,80,80,0,2,79,3400,16771000,Charging
2026-08-30T10:46:56,80,80,0,2,79,3400,16771000,Charging
2026-08-30T10:46:57,80,80,0,2,79,3400,16771000,Charging
2026-08-30T10:46:58,80,80,0,2,79,3400,16771000,Charging
2026-08-30T10:46:59,80,80,0,2,79,3400,16771000,Charging
2026-08-30T10:47:00,80,80,0,2,79,3400,16771000,Charging
2026-08-30T10:47:01,80,80,0,2,79,3400,16771000,Charging
2026-08-30T10:47:02,80,80,0,2,79,3400,16771000,Charging
2026-08-30T10:47:03,80,80,0,2,79,3400,16771000,Charging
2026-08-30T10:47:04,80,80,0,2,79,3400,16771000,Charging
2026-08-30T10:47:05,80,80,0,2,79,3400,16771000,Charging
2026-08-30T10:47:06,80,80,0,2,79,3366,16771000,Charging
2026-08-30T10:47:07,80,80,0,2,79,3366,16771000,Charging
2026-08-30T10:47:08,80,80,0,2,79,3366,16771000,Charging
2026-08-30T10:47:09,80,80,0,2,79,3366,16771000,Charging
2026-08-30T10:47:10,80,80,0,2,79,3366,16771000,Charging
2026-08-30T10:47:11,80,80,0,2,79,3366,16771000,Charging
2026-08-30T10:47:12,80,80,0,2,79,3366,16771000,Charging
2026-08-30T10:47:13,80,80,0,2,79,3332,16771000,Charging
2026-08-30T10:47:15,80,80,0,2,79,3332,16771000,Charging
2026-08-30T10:47:16,80,80,0,2,79,3332,16771000,Charging
2026-08-30T10:47:17,80,80,0,2,79,3332,16771000,Charging
2026-08-30T10:47:18,80,80,0,2,79,3332,16771000,Charging
2026-08-30T10:47:19,80,80,0,2,79,3332,16771000,Charging
2026-08-30T10:47:20,80,80,0,2,79,3332,16771000,Charging
2026-08-30T10:47:21,80,80,0,2,79,3332,16771000,Charging
2026-08-30T10:47:22,80,80,0,2,79,3332,16771000,Charging
2026-08-30T10:47:23,80,80,0,2,79,3332,16771000,Charging
2026-08-30T10:47:24,80,80,0,2,79,3332,16771000,Charging
2026-08-30T10:47:25,80,80,0,2,79,3332,16771000,Charging
2026-08-30T10:47:26,80,80,0,2,79,3332,16771000,Charging
2026-08-30T10:47:27,80,80,0,2,79,3332,16771000,Charging
2026-08-30T10:47:28,80,80,0,2,79,3332,16771000,Charging
2026-08-30T10:47:29,80,80,0,2,79,3332,16771000,Charging
2026-08-30T10:47:30,80,80,0,2,79,3298,16771000,Charging
2026-08-30T10:47:31,80,80,0,2,79,3298,16771000,Charging
2026-08-30T10:47:32,80,80,0,2,79,3298,16771000,Charging
2026-08-30T10:47:33,80,80,0,2,79,3298,16771000,Charging
2026-08-30T10:47:34,80,80,0,2,79,3298,16771000,Charging
2026-08-30T10:47:35,80,80,0,2,79,3298,16771000,Charging
2026-08-30T10:47:36,80,80,0,2,79,3298,16771000,Charging
2026-08-30T10:47:37,80,80,0,2,79,3298,16771000,Charging
2026-08-30T10:47:38,80,80,0,2,79,3298,16771000,Charging
2026-08-30T10:47:39,80,80,0,2,79,3298,16771000,Charging
2026-08-30T10:47:40,80,80,0,2,80,3298,16771000,Charging
2026-08-30T10:47:41,80,80,0,2,80,3298,16771000,Charging
2026-08-30T10:47:42,80,80,0,2,80,3298,16771000,Charging
2026-08-30T10:47:43,80,80,0,2,80,3298,16771000,Charging
2026-08-30T10:47:44,80,80,0,2,80,3264,16771000,Charging
2026-08-30T10:47:45,80,80,0,2,80,3264,16771000,Charging
2026-08-30T10:47:46,80,80,0,2,80,3264,16771000,Charging
2026-08-30T10:47:47,80,80,0,2,80,3264,16771000,Charging
2026-08-30T10:47:48,80,80,0,2,80,3264,16771000,Charging
2026-08-30T10:47:49,80,80,0,2,80,3264,16771000,Charging
2026-08-30T10:47:50,80,80,0,2,80,3264,16771000,Charging
2026-08-30T10:47:51,80,80,0,2,80,3264,16771000,Charging
2026-08-30T10:47:52,80,80,0,2,80,3264,16771000,Charging
2026-08-30T10:47:53,80,80,0,2,80,3264,16771000,Charging
2026-08-30T10:47:54,80,80,0,2,80,3264,16771000,Charging
2026-08-30T10:47:55,80,80,0,2,80,3230,16771000,Charging
2026-08-30T10:47:56,80,80,0,2,80,3230,16771000,Charging
2026-08-30T10:47:57,80,80,0,2,80,3230,16771000,Charging
2026-08-30T10:47:58,80,80,0,2,80,3230,16771000,Charging
2026-08-30T10:47:59,80,80,0,2,80,3230,16771000,Charging
2026-08-30T10:48:00,80,80,0,2,80,3230,16771000,Charging
2026-08-30T10:48:01,80,80,0,2,80,3230,16771000,Charging
2026-08-30T10:48:02,80,80,0,2,80,3230,16771000,Charging
2026-08-30T10:48:03,80,80,0,2,80,3230,16771000,Charging
2026-08-30T10:48:04,80,80,0,2,80,3230,16771000,Charging
2026-08-30T10:48:05,80,80,0,2,80,3230,16771000,Charging
2026-08-30T10:48:06,80,80,0,2,80,3230,16771000,Charging
2026-08-30T10:48:07,80,80,0,2,80,3230,16771000,Charging
2026-08-30T10:48:08,80,80,0,2,80,3230,16771000,Charging
2026-08-30T10:48:09,80,80,0,2,80,3230,16771000,Charging
2026-08-30T10:48:10,80,80,0,2,80,3196,16771000,Charging
2026-08-30T10:48:11,80,80,0,2,80,3196,16771000,Charging
2026-08-30T10:48:12,80,80,0,2,80,3196,16771000,Charging
2026-08-30T10:48:13,80,80,0,2,80,3196,16771000,Charging
2026-08-30T10:48:14,80,80,0,2,80,3196,16771000,Charging
2026-08-30T10:48:15,80,80,0,2,80,3196,16771000,Charging
2026-08-30T10:48:16,80,80,0,2,80,3196,16771000,Charging
2026-08-30T10:48:17,80,80,0,2,80,3196,16771000,Charging
2026-08-30T10:48:18,80,80,0,2,80,3196,16771000,Charging
2026-08-30T10:48:19,80,80,0,2,80,3196,16771000,Charging
2026-08-30T10:48:20,80,80,0,2,80,3196,16771000,Charging
2026-08-30T10:48:21,80,80,0,2,80,3196,16771000,Charging
2026-08-30T10:48:22,80,80,0,2,80,3196,16771000,Charging
2026-08-30T10:48:23,80,80,0,2,80,3196,16771000,Charging
2026-08-30T10:48:24,80,80,0,2,80,3196,16771000,Charging
2026-08-30T10:48:25,80,80,0,2,80,3162,16771000,Charging
2026-08-30T10:48:26,80,80,0,2,80,3162,16771000,Charging
2026-08-30T10:48:27,80,80,0,2,80,3162,16771000,Charging
2026-08-30T10:48:28,80,80,0,2,80,3162,16771000,Charging
2026-08-30T10:48:29,80,80,0,2,80,3162,16771000,Charging
2026-08-30T10:48:30,80,80,0,2,80,3162,16771000,Charging
2026-08-30T10:48:31,80,80,0,2,80,3162,16771000,Charging
2026-08-30T10:48:32,80,80,0,2,80,3162,16771000,Charging
2026-08-30T10:48:33,80,80,0,2,80,3162,16771000,Charging
2026-08-30T10:48:34,80,80,0,2,80,3162,16771000,Charging
2026-08-30T10:48:35,80,80,0,2,80,3162,16771000,Charging
2026-08-30T10:48:36,80,80,0,2,80,3162,16771000,Charging
2026-08-30T10:48:37,80,80,0,2,80,3162,16771000,Charging
2026-08-30T10:48:38,80,80,0,2,80,3162,16771000,Charging
2026-08-30T10:48:39,80,80,0,2,80,3128,16771000,Charging
2026-08-30T10:48:40,80,80,0,2,80,3128,16771000,Charging
2026-08-30T10:48:41,80,80,0,2,80,3128,16771000,Charging
2026-08-30T10:48:42,80,80,0,2,80,3128,16771000,Charging
2026-08-30T10:48:43,80,80,0,2,80,3128,16771000,Charging
2026-08-30T10:48:44,80,80,0,2,80,3128,16771000,Charging
2026-08-30T10:48:45,80,80,0,2,80,3128,16771000,Charging
2026-08-30T10:48:46,80,80,0,2,80,3128,16771000,Charging
2026-08-30T10:48:47,80,80,0,2,80,3128,16771000,Charging
2026-08-30T10:48:48,80,80,0,2,80,3128,16771000,Charging
2026-08-30T10:48:49,80,80,0,2,80,3128,16771000,Charging
2026-08-30T10:48:50,80,80,0,2,80,3128,16771000,Charging
2026-08-30T10:48:51,80,80,0,2,81,3128,16771000,Charging
2026-08-30T10:48:52,80,80,0,2,81,3128,16771000,Charging
2026-08-30T10:48:53,80,80,0,2,81,3128,16771000,Charging
2026-08-30T10:48:54,80,80,0,2,81,3094,16771000,Charging
2026-08-30T10:48:55,80,80,0,2,81,3094,16771000,Charging
2026-08-30T10:48:56,80,80,0,2,81,3094,16771000,Charging
2026-08-30T10:48:57,80,80,0,2,81,3094,16771000,Charging
2026-08-30T10:48:58,80,80,0,2,81,3094,16771000,Charging
2026-08-30T10:48:59,80,80,0,2,81,3094,16795000,Charging
2026-08-30T10:49:00,80,80,0,2,81,3094,16795000,Charging
2026-08-30T10:49:01,80,80,0,2,81,3094,16795000,Charging
2026-08-30T10:49:02,80,80,0,2,81,3060,16795000,Charging
2026-08-30T10:49:03,80,80,0,2,81,3060,16795000,Charging
2026-08-30T10:49:04,80,80,0,2,81,3060,16795000,Charging
2026-08-30T10:49:05,80,80,0,2,81,3060,16795000,Charging
2026-08-30T10:49:06,80,80,0,2,81,3060,16771000,Charging
2026-08-30T10:49:07,80,80,0,2,81,3060,16771000,Charging
2026-08-30T10:49:08,80,80,0,2,81,3060,16771000,Charging
2026-08-30T10:49:09,80,80,0,2,81,3060,16771000,Charging
2026-08-30T10:49:10,80,80,0,2,81,3060,16771000,Charging
2026-08-30T10:49:11,80,80,0,2,81,3060,16771000,Charging
2026-08-30T10:49:12,80,80,0,2,81,3060,16771000,Charging
2026-08-30T10:49:13,80,80,0,2,81,3060,16771000,Charging
2026-08-30T10:49:14,80,80,0,2,81,3060,16771000,Charging
2026-08-30T10:49:15,80,80,0,2,81,3026,16771000,Charging
2026-08-30T10:49:16,80,80,0,2,81,3026,16771000,Charging
2026-08-30T10:49:17,80,80,0,2,81,3026,16771000,Charging
2026-08-30T10:49:18,80,80,0,2,81,3026,16771000,Charging
2026-08-30T10:49:19,80,80,0,2,81,3026,16771000,Charging
2026-08-30T10:49:20,80,80,0,2,81,3026,16771000,Charging
2026-08-30T10:49:21,80,80,0,2,81,3026,16771000,Charging
2026-08-30T10:49:22,80,80,0,2,81,3026,16771000,Charging
2026-08-30T10:49:23,80,80,0,2,81,3026,16771000,Charging
2026-08-30T10:49:24,80,80,0,2,81,3026,16771000,Charging
2026-08-30T10:49:25,80,80,0,2,81,3026,16771000,Charging
2026-08-30T10:49:26,80,80,0,2,81,3026,16771000,Charging
2026-08-30T10:49:27,80,80,0,2,81,3026,16771000,Charging
2026-08-30T10:49:28,80,80,0,2,81,3026,16771000,Charging
2026-08-30T10:49:29,80,80,0,2,81,3026,16771000,Charging
2026-08-30T10:49:30,80,80,0,2,81,3026,16771000,Charging
2026-08-30T10:49:31,80,80,0,2,81,3026,16795000,Charging
2026-08-30T10:49:32,80,80,0,2,81,3026,16795000,Charging
2026-08-30T10:49:33,80,80,0,2,81,3026,16795000,Charging
2026-08-30T10:49:34,80,80,0,2,81,3026,16795000,Charging
2026-08-30T10:49:35,80,80,0,2,81,3026,16795000,Charging
2026-08-30T10:49:36,80,80,0,2,81,2992,16795000,Charging
2026-08-30T10:49:37,80,80,0,2,81,2992,16771000,Charging
2026-08-30T10:49:38,80,80,0,2,81,3026,16771000,Charging
2026-08-30T10:49:39,80,80,0,2,81,3026,16771000,Charging
2026-08-30T10:49:40,80,80,0,2,81,2992,16795000,Charging
2026-08-30T10:49:42,80,80,0,2,81,2992,16795000,Charging
2026-08-30T10:49:43,80,80,0,2,81,2992,16795000,Charging
2026-08-30T10:49:44,80,80,0,2,81,3026,16795000,Charging
2026-08-30T10:49:45,80,80,0,2,81,2992,16795000,Charging
2026-08-30T10:49:46,80,80,0,2,81,2992,16795000,Charging
2026-08-30T10:49:47,80,80,0,2,81,2992,16795000,Charging
2026-08-30T10:49:48,80,80,0,2,81,3026,16795000,Charging
2026-08-30T10:49:49,80,80,0,2,81,2992,16795000,Charging
2026-08-30T10:49:50,80,80,0,2,81,2992,16795000,Charging
2026-08-30T10:49:51,80,80,0,2,81,2992,16795000,Charging
2026-08-30T10:49:52,80,80,0,2,81,3026,16795000,Charging
2026-08-30T10:49:53,80,80,0,2,81,2992,16795000,Charging
2026-08-30T10:49:54,80,80,0,2,81,2992,16795000,Charging
2026-08-30T10:49:55,80,80,0,2,81,3026,16795000,Charging
2026-08-30T10:49:56,80,80,0,2,81,2992,16795000,Charging
2026-08-30T10:49:57,80,80,0,2,81,2992,16795000,Charging
2026-08-30T10:49:58,80,80,0,2,81,3026,16795000,Charging
2026-08-30T10:49:59,80,80,0,2,81,3060,16795000,Charging
2026-08-30T10:50:00,80,80,0,2,81,3026,16795000,Charging
2026-08-30T10:50:01,80,80,0,2,81,3026,16795000,Charging
2026-08-30T10:50:02,80,80,0,2,81,2992,16795000,Charging
2026-08-30T10:50:03,80,80,0,2,81,3026,16795000,Charging
2026-08-30T10:50:04,80,80,0,2,81,2992,16795000,Charging
2026-08-30T10:50:05,80,80,0,2,81,3026,16795000,Charging
2026-08-30T10:50:06,80,80,0,2,81,2992,16795000,Charging
2026-08-30T10:50:07,80,80,0,2,81,3026,16795000,Charging
2026-08-30T10:50:08,80,80,0,2,82,3026,16795000,Charging
2026-08-30T10:50:09,80,80,0,2,82,3026,16795000,Charging
2026-08-30T10:50:10,80,80,0,2,82,2992,16795000,Charging
2026-08-30T10:50:11,80,80,0,2,82,3026,16795000,Charging
2026-08-30T10:50:12,80,80,0,2,82,2992,16795000,Charging
2026-08-30T10:50:13,80,80,0,2,82,3026,16818000,Charging
2026-08-30T10:50:14,80,80,0,2,82,3026,16818000,Charging
2026-08-30T10:50:15,80,80,0,2,82,2992,16818000,Charging
2026-08-30T10:50:16,80,80,0,2,82,2992,16818000,Charging
2026-08-30T10:50:17,80,80,0,2,82,2992,16818000,Charging
2026-08-30T10:50:18,80,80,0,2,82,3026,16818000,Charging
2026-08-30T10:50:19,80,80,0,2,82,2992,16795000,Charging
2026-08-30T10:50:20,80,80,0,2,82,2992,16795000,Charging
2026-08-30T10:50:21,80,80,0,2,82,3026,16795000,Charging
2026-08-30T10:50:22,80,80,0,2,82,2958,16795000,Charging
2026-08-30T10:50:23,80,80,0,2,82,2958,16818000,Charging
2026-08-30T10:50:24,80,80,0,2,82,2992,16818000,Charging
2026-08-30T10:50:25,80,80,0,2,82,2992,16818000,Charging
2026-08-30T10:50:26,80,80,0,2,82,2958,16795000,Charging
2026-08-30T10:50:27,80,80,0,2,82,2958,16795000,Charging
2026-08-30T10:50:28,80,80,0,2,82,2958,16795000,Charging
2026-08-30T10:50:29,80,80,0,2,82,2992,16795000,Charging
2026-08-30T10:50:30,80,80,0,2,82,2958,16795000,Charging
2026-08-30T10:50:31,80,80,0,2,82,2958,16795000,Charging
2026-08-30T10:50:32,80,80,0,2,82,2958,16818000,Charging
2026-08-30T10:50:33,80,80,0,2,82,2958,16818000,Charging
2026-08-30T10:50:34,80,80,0,2,82,2958,16818000,Charging
2026-08-30T10:50:35,80,80,0,2,82,2992,16795000,Charging
2026-08-30T10:50:36,80,80,0,2,82,2958,16795000,Charging
2026-08-30T10:50:37,80,80,0,2,82,2958,16795000,Charging
2026-08-30T10:50:38,80,80,0,2,82,2958,16795000,Charging
2026-08-30T10:50:39,80,80,0,2,82,2958,16795000,Charging
2026-08-30T10:50:40,80,80,0,2,82,2992,16795000,Charging
2026-08-30T10:50:41,80,80,0,2,82,2958,16795000,Charging
2026-08-30T10:50:42,80,80,0,2,82,2924,16795000,Charging
2026-08-30T10:50:43,80,80,0,2,82,2958,16795000,Charging
2026-08-30T10:50:44,80,80,0,2,82,2992,16795000,Charging
2026-08-30T10:50:45,80,80,0,2,82,2958,16818000,Charging
2026-08-30T10:50:46,80,80,0,2,82,2992,16818000,Charging
2026-08-30T10:50:47,80,80,0,2,82,2924,16818000,Charging
2026-08-30T10:50:48,80,80,0,2,82,2958,16818000,Charging
2026-08-30T10:50:49,80,80,0,2,82,2924,16818000,Charging
2026-08-30T10:50:50,80,80,0,2,82,2958,16818000,Charging
2026-08-30T10:50:51,80,80,0,2,82,2924,16818000,Charging
2026-08-30T10:50:52,80,80,0,2,82,2958,16818000,Charging
2026-08-30T10:50:53,80,80,0,2,82,2992,16818000,Charging
2026-08-30T10:50:54,80,80,0,2,82,2958,16818000,Charging
2026-08-30T10:50:55,80,80,0,2,82,2924,16818000,Charging
2026-08-30T10:50:56,80,80,0,2,82,2924,16818000,Charging
2026-08-30T10:50:57,80,80,0,2,82,2924,16818000,Charging
2026-08-30T10:50:58,80,80,0,2,82,2992,16818000,Charging
2026-08-30T10:50:59,80,80,0,2,82,2992,16818000,Charging
2026-08-30T10:51:00,80,80,0,2,82,2992,16818000,Charging
2026-08-30T10:51:01,80,80,0,2,82,2924,16818000,Charging
2026-08-30T10:51:02,80,80,0,2,82,3026,16818000,Charging
2026-08-30T10:51:03,80,80,0,2,82,2958,16818000,Charging
2026-08-30T10:51:04,80,80,0,2,82,2958,16818000,Charging
2026-08-30T10:51:05,80,80,0,2,82,2958,16818000,Charging
2026-08-30T10:51:06,80,80,0,2,82,2958,16818000,Charging
2026-08-30T10:51:07,80,80,0,2,82,2958,16818000,Charging
2026-08-30T10:51:08,80,80,0,2,82,2958,16818000,Charging
2026-08-30T10:51:09,80,80,0,2,82,2958,16818000,Charging
2026-08-30T10:51:10,80,80,0,2,82,2924,16818000,Charging
2026-08-30T10:51:11,80,80,0,2,82,2924,16818000,Charging
2026-08-30T10:51:12,80,80,0,2,82,2992,16818000,Charging
2026-08-30T10:51:13,80,80,0,2,82,2992,16818000,Charging
2026-08-30T10:51:14,80,80,0,2,82,2958,16818000,Charging
2026-08-30T10:51:15,80,80,0,2,82,2958,16818000,Charging
2026-08-30T10:51:16,80,80,0,2,82,2958,16818000,Charging
2026-08-30T10:51:17,80,80,0,2,82,2992,16818000,Charging
2026-08-30T10:51:18,80,80,0,2,82,2924,16818000,Charging
2026-08-30T10:51:19,80,80,0,2,82,2924,16818000,Charging
2026-08-30T10:51:20,80,80,0,2,82,2992,16818000,Charging
2026-08-30T10:51:21,80,80,0,2,82,2958,16818000,Charging
2026-08-30T10:51:22,80,80,0,2,82,2992,16818000,Charging
2026-08-30T10:51:23,80,80,0,2,82,2924,16818000,Charging
2026-08-30T10:51:24,80,80,0,2,82,2992,16818000,Charging
2026-08-30T10:51:25,80,80,0,2,83,2992,16818000,Charging
2026-08-30T10:51:26,80,80,0,2,83,3026,16842000,Charging
2026-08-30T10:51:27,80,80,0,2,83,2992,16842000,Charging
2026-08-30T10:51:28,80,80,0,2,83,2992,16842000,Charging
2026-08-30T10:51:29,80,80,0,2,83,3026,16842000,Charging
2026-08-30T10:51:30,80,80,0,2,83,3026,16842000,Charging
2026-08-30T10:51:31,80,80,0,2,83,3026,16842000,Charging
2026-08-30T10:51:32,80,80,0,2,83,3094,16842000,Charging
2026-08-30T10:51:33,80,80,0,2,83,2992,16842000,Charging
2026-08-30T10:51:34,80,80,0,2,83,3026,16842000,Charging
2026-08-30T10:51:35,80,80,0,2,83,3060,16842000,Charging
2026-08-30T10:51:36,80,80,0,2,83,3026,16842000,Charging
2026-08-30T10:51:37,80,80,0,2,83,3026,16842000,Charging
2026-08-30T10:51:38,80,80,0,2,83,2992,16842000,Charging
2026-08-30T10:51:39,80,80,0,2,83,2992,16865000,Charging
2026-08-30T10:51:40,80,80,0,2,83,3060,16865000,Charging
2026-08-30T10:51:41,80,80,0,2,83,3026,16865000,Charging
2026-08-30T10:51:42,80,80,0,2,83,2992,16842000,Charging
2026-08-30T10:51:43,80,80,0,2,83,3060,16842000,Charging
2026-08-30T10:51:44,80,80,0,2,83,3060,16842000,Charging
2026-08-30T10:51:45,80,80,0,2,83,3060,16842000,Charging
2026-08-30T10:51:46,80,80,0,2,83,3060,16842000,Charging
2026-08-30T10:51:47,80,80,0,2,83,3026,16842000,Charging
2026-08-30T10:51:48,80,80,0,2,83,3060,16842000,Charging
2026-08-30T10:51:49,80,80,0,2,83,3026,16842000,Charging
2026-08-30T10:51:50,80,80,0,2,83,3026,16842000,Charging
2026-08-30T10:51:51,80,80,0,2,83,3060,16842000,Charging
2026-08-30T10:51:52,80,80,0,2,83,3026,16842000,Charging
2026-08-30T10:51:53,80,80,0,2,83,3060,16842000,Charging
2026-08-30T10:51:54,80,80,0,2,83,3026,16842000,Charging
2026-08-30T10:51:55,80,80,0,2,83,3026,16865000,Charging
2026-08-30T10:51:56,80,80,0,2,83,3026,16865000,Charging
2026-08-30T10:51:57,80,80,0,2,83,3060,16865000,Charging
2026-08-30T10:51:58,80,80,0,2,83,3026,16865000,Charging
2026-08-30T10:51:59,80,80,0,2,83,3060,16865000,Charging
2026-08-30T10:52:00,80,80,0,2,83,3060,16865000,Charging
2026-08-30T10:52:01,80,80,0,2,83,3060,16865000,Charging
2026-08-30T10:52:02,80,80,0,2,83,3060,16865000,Charging
2026-08-30T10:52:03,80,80,0,2,83,3026,16865000,Charging
2026-08-30T10:52:04,80,80,0,2,83,3026,16865000,Charging
2026-08-30T10:52:05,80,80,0,2,83,3026,16865000,Charging
2026-08-30T10:52:06,80,80,0,2,83,2992,16865000,Charging
2026-08-30T10:52:07,80,80,0,2,83,3026,16865000,Charging
2026-08-30T10:52:09,80,80,0,2,83,3060,16865000,Charging
2026-08-30T10:52:10,80,80,0,2,83,3026,16865000,Charging
2026-08-30T10:52:11,80,80,0,2,83,3026,16865000,Charging
2026-08-30T10:52:12,80,80,0,2,83,3026,16865000,Charging
2026-08-30T10:52:13,80,80,0,2,83,3026,16865000,Charging
2026-08-30T10:52:14,80,80,0,2,83,2992,16865000,Charging
2026-08-30T10:52:15,80,80,0,2,83,3026,16865000,Charging
2026-08-30T10:52:16,80,80,0,2,83,3026,16865000,Charging
2026-08-30T10:52:17,80,80,0,2,83,3026,16865000,Charging
2026-08-30T10:52:18,80,80,0,2,83,3026,16889000,Charging
2026-08-30T10:52:19,80,80,0,2,83,3026,16889000,Charging
2026-08-30T10:52:20,80,80,0,2,83,3026,16889000,Charging
2026-08-30T10:52:21,80,80,0,2,83,3060,16889000,Charging
2026-08-30T10:52:22,80,80,0,2,83,3026,16889000,Charging
2026-08-30T10:52:23,80,80,0,2,83,3026,16889000,Charging
2026-08-30T10:52:24,80,80,0,2,83,3060,16889000,Charging
2026-08-30T10:52:25,80,80,0,2,83,3060,16889000,Charging
2026-08-30T10:52:26,80,80,0,2,83,3026,16889000,Charging
2026-08-30T10:52:27,80,80,0,2,83,3026,16889000,Charging
2026-08-30T10:52:28,80,80,0,2,83,3060,16889000,Charging
2026-08-30T10:52:29,80,80,0,2,83,3060,16889000,Charging
2026-08-30T10:52:30,80,80,0,2,83,3060,16889000,Charging
2026-08-30T10:52:31,80,80,0,2,83,3060,16889000,Charging
2026-08-30T10:52:32,80,80,0,2,83,3060,16889000,Charging
2026-08-30T10:52:33,80,80,0,2,83,3026,16889000,Charging
2026-08-30T10:52:34,80,80,0,2,83,3060,16889000,Charging
2026-08-30T10:52:35,80,80,0,2,83,3060,16889000,Charging
2026-08-30T10:52:36,80,80,0,2,83,3060,16889000,Charging
2026-08-30T10:52:37,80,80,0,2,83,3060,16889000,Charging
2026-08-30T10:52:38,80,80,0,2,83,3026,16889000,Charging
2026-08-30T10:52:39,80,80,0,2,83,3060,16889000,Charging
2026-08-30T10:52:40,80,80,0,2,84,3060,16889000,Charging
2026-08-30T10:52:41,80,80,0,2,84,3060,16889000,Charging
2026-08-30T10:52:42,80,80,0,2,84,3060,16889000,Charging
2026-08-30T10:52:43,80,80,0,2,84,3026,16889000,Charging
2026-08-30T10:52:44,80,80,0,2,84,3026,16889000,Charging
2026-08-30T10:52:45,80,80,0,2,84,3026,16889000,Charging
2026-08-30T10:52:46,80,80,0,2,84,3026,16889000,Charging
2026-08-30T10:52:47,80,80,0,2,84,3026,16889000,Charging
2026-08-30T10:52:48,80,80,0,2,84,3026,16889000,Charging
2026-08-30T10:52:49,80,80,0,2,84,3026,16889000,Charging
2026-08-30T10:52:50,80,80,0,2,84,3026,16889000,Charging
2026-08-30T10:52:51,80,80,0,2,84,3026,16889000,Charging
2026-08-30T10:52:52,80,80,0,2,84,3026,16889000,Charging
2026-08-30T10:52:53,80,80,0,2,84,3026,16889000,Charging
2026-08-30T10:52:54,80,80,0,2,84,3026,16889000,Charging
2026-08-30T10:52:55,80,80,0,2,84,3026,16889000,Charging
2026-08-30T10:52:56,80,80,0,2,84,2992,16912000,Charging
2026-08-30T10:52:57,80,80,0,2,84,2992,16912000,Charging
2026-08-30T10:52:58,80,80,0,2,84,2992,16912000,Charging
2026-08-30T10:52:59,80,80,0,2,84,2992,16912000,Charging
2026-08-30T10:53:00,80,80,0,2,84,2992,16912000,Charging
2026-08-30T10:53:01,80,80,0,2,84,2992,16912000,Charging
2026-08-30T10:53:02,80,80,0,2,84,2992,16912000,Charging
2026-08-30T10:53:03,80,80,0,2,84,2992,16912000,Charging
2026-08-30T10:53:04,80,80,0,2,84,2992,16912000,Charging
2026-08-30T10:53:05,80,80,0,2,84,2992,16912000,Charging
2026-08-30T10:53:06,80,80,0,2,84,2992,16912000,Charging
2026-08-30T10:53:07,80,80,0,2,84,2992,16912000,Charging
2026-08-30T10:53:08,80,80,0,2,84,2992,16912000,Charging
2026-08-30T10:53:09,80,80,0,2,84,2992,16889000,Charging
2026-08-30T10:53:10,80,80,0,2,84,2992,16889000,Charging
2026-08-30T10:53:11,80,80,0,2,84,2992,16889000,Charging
2026-08-30T10:53:12,80,80,0,2,84,2992,16889000,Charging
2026-08-30T10:53:13,80,80,0,2,84,2992,16889000,Charging
2026-08-30T10:53:14,80,80,0,2,84,2992,16889000,Charging
2026-08-30T10:53:15,80,80,0,2,84,2992,16912000,Charging
2026-08-30T10:53:16,80,80,0,2,84,2992,16912000,Charging
2026-08-30T10:53:17,80,80,0,2,84,2992,16912000,Charging
2026-08-30T10:53:18,80,80,0,2,84,2992,16912000,Charging
2026-08-30T10:53:19,80,80,0,2,84,2992,16912000,Charging
2026-08-30T10:53:20,80,80,0,2,84,2992,16912000,Charging
2026-08-30T10:53:21,80,80,0,2,84,2992,16912000,Charging
2026-08-30T10:53:22,80,80,0,2,84,2992,16912000,Charging
2026-08-30T10:53:23,80,80,0,2,84,2992,16912000,Charging
2026-08-30T10:53:24,80,80,0,2,84,2992,16912000,Charging
2026-08-30T10:53:25,80,80,0,2,84,2992,16889000,Charging
2026-08-30T10:53:26,80,80,0,2,84,2992,16889000,Charging
2026-08-30T10:53:27,80,80,0,2,84,2992,16889000,Charging
2026-08-30T10:53:28,80,80,0,2,84,2992,16889000,Charging
2026-08-30T10:53:29,80,80,0,2,84,2958,16889000,Charging
2026-08-30T10:53:30,80,80,0,2,84,2958,16889000,Charging
2026-08-30T10:53:31,80,80,0,2,84,2958,16912000,Charging
2026-08-30T10:53:32,80,80,0,2,84,2958,16912000,Charging
2026-08-30T10:53:33,80,80,0,2,84,2958,16912000,Charging
2026-08-30T10:53:34,80,80,0,2,84,2958,16912000,Charging
2026-08-30T10:53:35,80,80,0,2,84,2958,16912000,Charging
2026-08-30T10:53:36,80,80,0,2,84,2958,16912000,Charging
2026-08-30T10:53:37,80,80,0,2,84,2958,16912000,Charging
2026-08-30T10:53:38,80,80,0,2,84,2958,16912000,Charging
2026-08-30T10:53:39,80,80,0,2,84,2958,16912000,Charging
2026-08-30T10:53:40,80,80,0,2,84,2958,16912000,Charging
2026-08-30T10:53:41,80,80,0,2,84,2958,16912000,Charging
2026-08-30T10:53:42,80,80,0,2,84,2958,16912000,Charging
2026-08-30T10:53:43,80,80,0,2,84,2958,16912000,Charging
2026-08-30T10:53:44,80,80,0,2,84,2958,16912000,Charging
2026-08-30T10:53:45,80,80,0,2,84,2958,16912000,Charging
2026-08-30T10:53:46,80,80,0,2,84,2958,16912000,Charging
2026-08-30T10:53:47,80,80,0,2,84,2924,16912000,Charging
2026-08-30T10:53:48,80,80,0,2,84,2924,16912000,Charging
2026-08-30T10:53:49,80,80,0,2,84,2924,16912000,Charging
2026-08-30T10:53:50,80,80,0,2,84,2924,16912000,Charging
2026-08-30T10:53:51,80,80,0,2,84,2924,16912000,Charging
2026-08-30T10:53:52,80,80,0,2,84,2924,16912000,Charging
2026-08-30T10:53:53,80,80,0,2,84,2924,16912000,Charging
2026-08-30T10:53:54,80,80,0,2,84,2924,16912000,Charging
2026-08-30T10:53:55,80,80,0,2,84,2924,16912000,Charging
2026-08-30T10:53:56,80,80,0,2,84,2924,16912000,Charging
2026-08-30T10:53:57,80,80,0,2,85,2924,16912000,Charging
2026-08-30T10:53:58,80,80,0,2,85,2924,16912000,Charging
2026-08-30T10:53:59,80,80,0,2,85,2924,16889000,Charging
2026-08-30T10:54:00,80,80,0,2,85,2924,16889000,Charging
2026-08-30T10:54:01,80,80,0,2,85,2924,16889000,Charging
2026-08-30T10:54:02,80,80,0,2,85,2924,16889000,Charging
2026-08-30T10:54:03,80,80,0,2,85,2924,16889000,Charging
2026-08-30T10:54:04,80,80,0,2,85,2924,16889000,Charging
2026-08-30T10:54:05,80,80,0,2,85,2890,16889000,Charging
2026-08-30T10:54:06,80,80,0,2,85,2890,16912000,Charging
2026-08-30T10:54:07,80,80,0,2,85,2890,16912000,Charging
2026-08-30T10:54:08,80,80,0,2,85,2890,16912000,Charging
2026-08-30T10:54:09,80,80,0,2,85,2890,16912000,Charging
2026-08-30T10:54:10,80,80,0,2,85,2890,16912000,Charging
2026-08-30T10:54:11,80,80,0,2,85,2890,16912000,Charging
2026-08-30T10:54:12,80,80,0,2,85,2890,16912000,Charging
2026-08-30T10:54:13,80,80,0,2,85,2890,16912000,Charging
2026-08-30T10:54:14,80,80,0,2,85,2890,16912000,Charging
2026-08-30T10:54:15,80,80,0,2,85,2890,16912000,Charging
2026-08-30T10:54:16,80,80,0,2,85,2890,16912000,Charging
2026-08-30T10:54:17,80,80,0,2,85,2890,16912000,Charging
2026-08-30T10:54:18,80,80,0,2,85,2890,16912000,Charging
2026-08-30T10:54:19,80,80,0,2,85,2890,16912000,Charging
2026-08-30T10:54:20,80,80,0,2,85,2856,16912000,Charging
2026-08-30T10:54:21,80,80,0,2,85,2856,16912000,Charging
2026-08-30T10:54:22,80,80,0,2,85,2856,16912000,Charging
2026-08-30T10:54:23,80,80,0,2,85,2856,16912000,Charging
2026-08-30T10:54:24,80,80,0,2,85,2856,16912000,Charging
2026-08-30T10:54:25,80,80,0,2,85,2856,16912000,Charging
2026-08-30T10:54:26,80,80,0,2,85,2856,16912000,Charging
2026-08-30T10:54:27,80,80,0,2,85,2856,16912000,Charging
2026-08-30T10:54:28,80,80,0,2,85,2856,16912000,Charging
2026-08-30T10:54:29,80,80,0,2,85,2856,16912000,Charging
2026-08-30T10:54:30,80,80,0,2,85,2856,16912000,Charging
2026-08-30T10:54:31,80,80,0,2,85,2856,16912000,Charging
2026-08-30T10:54:32,80,80,0,2,85,2856,16912000,Charging
2026-08-30T10:54:33,80,80,0,2,85,2856,16912000,Charging
2026-08-30T10:54:34,80,80,0,2,85,2856,16912000,Charging
2026-08-30T10:54:35,80,80,0,2,85,2856,16912000,Charging
2026-08-30T10:54:37,80,80,0,2,85,2856,16912000,Charging
2026-08-30T10:54:38,80,80,0,2,85,2822,16912000,Charging
2026-08-30T10:54:39,80,80,0,2,85,2822,16912000,Charging
2026-08-30T10:54:40,80,80,0,2,85,2822,16912000,Charging
2026-08-30T10:54:41,80,80,0,2,85,2822,16912000,Charging
2026-08-30T10:54:42,80,80,0,2,85,2822,16912000,Charging
2026-08-30T10:54:43,80,80,0,2,85,2822,16912000,Charging
2026-08-30T10:54:44,80,80,0,2,85,2822,16912000,Charging
2026-08-30T10:54:45,80,80,0,2,85,2822,16912000,Charging
2026-08-30T10:54:46,80,80,0,2,85,2822,16912000,Charging
2026-08-30T10:54:47,80,80,0,2,85,2822,16912000,Charging
2026-08-30T10:54:48,80,80,0,2,85,2822,16912000,Charging
2026-08-30T10:54:49,80,80,0,2,85,2822,16912000,Charging
2026-08-30T10:54:50,80,80,0,2,85,2822,16912000,Charging
2026-08-30T10:54:51,80,80,0,2,85,2822,16912000,Charging
2026-08-30T10:54:52,80,80,0,2,85,2822,16912000,Charging
2026-08-30T10:54:53,80,80,0,2,85,2822,16912000,Charging
2026-08-30T10:54:54,80,80,0,2,85,2822,16912000,Charging
2026-08-30T10:54:55,80,80,0,2,85,2822,16912000,Charging
2026-08-30T10:54:56,80,80,0,2,85,2822,16912000,Charging
2026-08-30T10:54:57,80,80,0,2,85,2788,16912000,Charging
2026-08-30T10:54:58,80,80,0,2,85,2788,16912000,Charging
2026-08-30T10:54:59,80,80,0,2,85,2788,16912000,Charging
2026-08-30T10:55:00,80,80,0,2,85,2788,16912000,Charging
2026-08-30T10:55:01,80,80,0,2,85,2788,16912000,Charging
2026-08-30T10:55:02,80,80,0,2,85,2788,16912000,Charging
2026-08-30T10:55:03,80,80,0,2,85,2788,16912000,Charging
2026-08-30T10:55:04,80,80,0,2,85,2788,16912000,Charging
2026-08-30T10:55:05,80,80,0,2,85,2788,16912000,Charging
2026-08-30T10:55:06,80,80,0,2,85,2788,16912000,Charging
2026-08-30T10:55:07,80,80,0,2,85,2788,16912000,Charging
2026-08-30T10:55:08,80,80,0,2,85,2754,16912000,Charging
2026-08-30T10:55:09,80,80,0,2,85,2754,16912000,Charging
2026-08-30T10:55:10,80,80,0,2,85,2754,16889000,Charging
2026-08-30T10:55:11,80,80,0,2,85,2754,16889000,Charging
2026-08-30T10:55:12,80,80,0,2,85,2754,16889000,Charging
2026-08-30T10:55:13,80,80,0,2,85,2754,16912000,Charging
2026-08-30T10:55:14,80,80,0,2,85,2754,16912000,Charging
2026-08-30T10:55:15,80,80,0,2,85,2754,16912000,Charging
2026-08-30T10:55:16,80,80,0,2,85,2754,16912000,Charging
2026-08-30T10:55:17,80,80,0,2,85,2754,16912000,Charging
2026-08-30T10:55:18,80,80,0,2,86,2754,16912000,Charging
2026-08-30T10:55:33,80,80,0,2,86,2720,16912000,Charging
2026-08-30T10:55:48,80,80,0,2,86,2686,16912000,Charging
2026-08-30T10:56:03,80,80,0,2,86,2652,16912000,Charging
2026-08-30T10:56:18,80,80,0,2,86,2618,16912000,Charging
2026-08-30T10:56:33,80,80,0,2,86,2584,16912000,Charging
2026-08-30T10:56:48,80,80,0,2,87,2550,16912000,Charging
2026-08-30T10:57:03,80,80,0,2,87,2550,16912000,Charging
2026-08-30T10:57:18,80,80,0,2,87,2516,16912000,Charging
2026-08-30T10:57:33,80,80,0,2,87,2482,16912000,Charging
2026-08-30T10:57:48,80,80,0,2,87,2448,16912000,Charging
2026-08-30T10:58:03,80,80,0,2,87,2414,16912000,Charging
2026-08-30T10:58:18,80,80,0,2,88,2380,16912000,Charging
2026-08-30T10:58:33,80,80,0,2,88,2346,16912000,Charging
2026-08-30T10:58:48,80,80,0,2,88,2312,16912000,Charging
2026-08-30T10:59:03,80,80,0,2,88,2278,16912000,Charging
2026-08-30T10:59:18,80,80,0,2,88,2244,16912000,Charging
2026-08-30T10:59:33,80,80,0,2,88,2244,16912000,Charging
2026-08-30T10:59:48,80,80,0,2,88,2210,16912000,Charging
2026-08-30T11:00:03,80,80,0,2,89,2176,16912000,Charging
2026-08-30T11:00:18,80,80,0,2,89,2176,16912000,Charging
2026-08-30T11:00:33,80,80,0,2,89,2108,16935000,Charging
2026-08-30T11:00:48,80,80,0,2,89,2108,16912000,Charging
2026-08-30T11:01:03,80,80,0,2,89,2074,16912000,Charging
2026-08-30T11:01:18,80,80,0,2,89,2040,16912000,Charging
2026-08-30T11:01:33,80,80,0,2,89,2040,16912000,Charging
2026-08-30T11:01:48,80,80,0,2,89,2006,16935000,Charging
2026-08-30T11:02:03,80,80,0,2,90,1972,16912000,Charging
2026-08-30T11:02:18,80,80,0,2,90,1972,16912000,Charging
2026-08-30T11:02:33,80,80,0,2,90,1938,16912000,Charging
2026-08-30T11:02:48,80,80,0,2,90,1904,16935000,Charging
2026-08-30T11:03:03,80,80,0,2,90,1904,16935000,Charging
2026-08-30T11:03:18,80,80,0,2,90,1870,16912000,Charging
2026-08-30T11:03:33,80,80,0,2,90,1836,16935000,Charging
2026-08-30T11:03:48,80,80,0,2,90,1802,16912000,Charging
2026-08-30T11:04:03,80,80,0,2,91,1802,16935000,Charging
2026-08-30T11:04:18,80,80,0,2,91,1768,16935000,Charging
2026-08-30T11:04:33,80,80,0,2,91,1768,16935000,Charging
2026-08-30T11:04:48,80,80,0,2,91,1734,16935000,Charging
2026-08-30T11:05:03,80,80,0,2,91,1700,16912000,Charging
2026-08-30T11:05:18,80,80,0,2,91,1700,16935000,Charging
2026-08-30T11:05:33,80,80,0,2,91,1666,16935000,Charging
2026-08-30T11:05:48,80,80,0,2,91,1666,16912000,Charging
2026-08-30T11:06:03,80,80,0,2,92,1632,16912000,Charging
2026-08-30T11:06:18,80,80,0,2,92,1598,16935000,Charging
2026-08-30T11:06:33,80,80,0,2,92,1598,16935000,Charging
2026-08-30T11:06:48,80,80,0,2,92,1564,16935000,Charging
2026-08-30T11:07:03,80,80,0,2,92,1564,16935000,Charging
2026-08-30T11:07:18,80,80,0,2,92,1530,16935000,Charging
2026-08-30T11:07:33,80,80,0,2,92,1530,16935000,Charging
2026-08-30T11:07:48,80,80,0,2,92,1496,16935000,Charging
2026-08-30T11:08:03,80,80,0,2,92,1462,16935000,Charging
2026-08-30T11:08:18,80,80,0,2,92,1462,16935000,Charging
2026-08-30T11:08:33,80,80,0,2,93,1428,16935000,Charging
2026-08-30T11:08:48,80,80,0,2,93,1428,16935000,Charging
2026-08-30T11:09:03,80,80,0,2,93,1394,16935000,Charging
2026-08-30T11:09:18,80,80,0,2,93,1394,16935000,Charging
2026-08-30T11:09:33,80,80,0,2,93,1360,16935000,Charging
2026-08-30T11:09:48,80,80,0,2,93,1360,16935000,Charging
2026-08-30T11:10:03,80,80,0,2,93,1326,16912000,Charging
2026-08-30T11:10:18,80,80,0,2,93,1326,16935000,Charging
2026-08-30T11:10:33,80,80,0,2,93,1292,16935000,Charging
2026-08-30T11:10:48,80,80,0,2,93,1292,16935000,Charging
2026-08-30T11:11:03,80,80,0,2,93,1258,16912000,Charging
2026-08-30T11:11:18,80,80,0,2,93,1258,16935000,Charging
2026-08-30T11:11:33,80,80,0,2,94,1224,16935000,Charging
2026-08-30T11:11:48,80,80,0,2,94,1224,16935000,Charging
2026-08-30T11:12:03,80,80,0,2,94,1224,16935000,Charging
2026-08-30T11:12:18,80,80,0,2,94,1190,16935000,Charging
2026-08-30T11:12:33,80,80,0,2,94,1190,16935000,Charging
2026-08-30T11:12:48,80,80,0,2,94,1156,16935000,Charging
2026-08-30T11:13:03,80,80,0,2,94,1156,16935000,Charging
2026-08-30T11:13:18,80,80,0,2,94,1122,16935000,Charging
2026-08-30T11:13:33,80,80,0,2,94,1122,16935000,Charging
2026-08-30T11:13:48,80,80,0,2,94,1088,16912000,Charging
2026-08-30T11:14:03,80,80,0,2,94,1088,16935000,Charging
2026-08-30T11:14:18,80,80,0,2,94,1088,16935000,Charging
2026-08-30T11:14:33,80,80,0,2,94,1054,16935000,Charging
2026-08-30T11:14:48,80,80,0,2,95,1054,16935000,Charging
2026-08-30T11:15:03,80,80,0,2,95,1054,16935000,Charging
2026-08-30T11:15:18,80,80,0,2,95,1020,16935000,Charging
2026-08-30T11:15:33,80,80,0,2,95,1020,16935000,Charging
2026-08-30T11:15:48,80,80,0,2,95,986,16935000,Charging
2026-08-30T11:16:03,80,80,0,2,95,986,16935000,Charging
2026-08-30T11:16:18,80,80,0,2,95,986,16935000,Charging
2026-08-30T11:16:33,80,80,0,2,95,952,16935000,Charging
2026-08-30T11:16:48,80,80,0,2,95,952,16935000,Charging
2026-08-30T11:17:03,80,80,0,2,95,952,16935000,Charging
2026-08-30T11:17:18,80,80,0,2,95,918,16935000,Charging
2026-08-30T11:17:33,80,80,0,2,95,918,16935000,Charging
2026-08-30T11:17:48,80,80,0,2,95,918,16935000,Charging
2026-08-30T11:18:03,80,80,0,2,95,884,16935000,Charging
2026-08-30T11:18:18,80,80,0,2,95,884,16935000,Charging
2026-08-30T11:18:33,80,80,0,2,95,884,16935000,Charging
2026-08-30T11:18:48,80,80,0,2,96,850,16935000,Charging
2026-08-30T11:19:03,80,80,0,2,96,850,16935000,Charging
2026-08-30T11:19:18,80,80,0,2,96,850,16935000,Charging
2026-08-30T11:19:33,80,80,0,2,96,850,16935000,Charging
2026-08-30T11:19:48,80,80,0,2,96,850,16935000,Charging
2026-08-30T11:20:03,80,80,0,2,96,816,16935000,Charging
2026-08-30T11:20:18,80,80,0,2,96,816,16935000,Charging
2026-08-30T11:20:33,80,80,0,2,96,782,16935000,Charging
2026-08-30T11:20:48,80,80,0,2,96,782,16935000,Charging
2026-08-30T11:21:03,80,80,0,2,97,782,16935000,Charging
2026-08-30T11:21:18,80,80,0,2,97,782,16935000,Charging
2026-08-30T11:21:33,80,80,0,2,97,748,16935000,Charging
2026-08-30T11:21:49,80,80,0,2,97,748,16935000,Charging
2026-08-30T11:22:04,80,80,0,2,97,748,16935000,Charging
2026-08-30T11:22:19,80,80,0,2,97,714,16935000,Charging
2026-08-30T11:22:34,80,80,0,2,97,714,16935000,Charging
2026-08-30T11:22:49,80,80,0,2,97,714,16935000,Charging
2026-08-30T11:23:04,80,80,0,2,97,714,16935000,Charging
2026-08-30T11:23:19,80,80,0,2,97,714,16935000,Charging
2026-08-30T11:23:34,80,80,0,2,97,680,16935000,Charging
2026-08-30T11:23:49,80,80,0,2,98,680,16935000,Charging
2026-08-30T11:24:04,80,80,0,2,98,680,16935000,Charging
2026-08-30T11:24:19,80,80,0,2,98,680,16935000,Charging
2026-08-30T11:24:34,80,80,0,2,98,646,16935000,Charging
2026-08-30T11:24:49,80,80,0,2,98,646,16935000,Charging
2026-08-30T11:25:04,80,80,0,2,98,646,16935000,Charging
2026-08-30T11:25:19,80,80,0,2,98,646,16935000,Charging
2026-08-30T11:25:34,80,80,0,2,98,612,16935000,Charging
2026-08-30T11:25:49,80,80,0,2,98,612,16935000,Charging
2026-08-30T11:26:04,80,80,0,2,98,612,16935000,Charging
2026-08-30T11:26:19,80,80,0,2,98,612,16935000,Charging
2026-08-30T11:26:34,80,80,0,2,98,612,16935000,Charging
2026-08-30T11:26:49,80,80,0,2,99,612,16935000,Charging
2026-08-30T11:27:04,80,80,0,2,99,578,16935000,Charging
2026-08-30T11:27:19,80,80,0,2,99,578,16935000,Charging
2026-08-30T11:27:34,80,80,0,2,99,578,16935000,Charging
2026-08-30T11:27:49,80,80,0,2,99,578,16935000,Charging
2026-08-30T11:28:04,80,80,0,2,99,578,16935000,Charging
2026-08-30T11:28:19,80,80,0,2,99,578,16935000,Charging
2026-08-30T11:28:34,80,80,0,2,99,544,16935000,Charging
2026-08-30T11:28:49,80,80,0,2,99,544,16935000,Charging
2026-08-30T11:29:04,80,80,0,2,99,544,16935000,Charging
2026-08-30T11:29:19,80,80,0,2,99,544,16935000,Charging
2026-08-30T11:29:34,80,80,0,2,99,544,16935000,Charging
2026-08-30T11:29:49,80,80,0,2,99,544,16935000,Charging
2026-08-30T11:30:04,80,80,0,2,99,510,16935000,Charging
2026-08-30T11:30:19,80,80,0,2,100,510,16935000,Not charging
2026-08-30T11:30:34,80,80,0,2,100,510,16935000,Not charging
2026-08-30T11:30:49,80,80,0,2,100,510,16935000,Not charging
2026-08-30T11:31:04,80,80,0,2,100,510,16935000,Not charging
2026-08-30T11:31:19,80,80,0,2,100,510,16935000,Not charging
2026-08-30T11:31:34,80,80,0,2,100,510,16935000,Not charging
2026-08-30T11:31:49,80,80,0,2,100,476,16935000,Not charging
2026-08-30T11:32:04,80,80,0,2,100,476,16935000,Not charging
2026-08-30T11:32:19,80,80,0,2,100,476,16935000,Not charging
2026-08-30T11:32:34,80,80,0,2,100,476,16935000,Not charging
2026-08-30T11:32:49,80,80,0,2,100,476,16935000,Not charging
2026-08-30T11:33:04,80,80,0,2,100,476,16935000,Not charging
2026-08-30T11:33:19,80,80,0,2,100,476,16935000,Not charging
2026-08-30T11:33:34,80,80,0,2,100,476,16935000,Not charging
2026-08-30T11:33:49,80,80,0,2,100,476,16935000,Not charging
2026-08-30T11:34:04,80,80,0,2,100,442,16935000,Not charging
2026-08-30T11:34:19,80,80,0,2,100,442,16935000,Not charging
2026-08-30T11:34:34,80,80,0,2,100,442,16935000,Not charging
2026-08-30T11:34:49,80,80,0,2,100,442,16935000,Not charging
2026-08-30T11:35:04,80,80,0,2,100,442,16935000,Not charging
2026-08-30T11:35:19,80,80,0,2,100,408,16935000,Not charging
2026-08-30T11:35:34,80,80,0,2,100,408,16935000,Not charging
2026-08-30T11:35:49,80,80,0,2,100,408,16935000,Not charging
2026-08-30T11:36:04,80,80,0,2,100,408,16935000,Not charging
2026-08-30T11:36:19,80,80,0,2,100,408,16935000,Not charging
2026-08-30T11:36:34,80,80,0,2,100,408,16935000,Not charging
2026-08-30T11:36:49,80,80,0,2,100,408,16935000,Not charging
2026-08-30T11:37:04,80,80,0,2,100,408,16935000,Not charging
2026-08-30T11:37:19,80,80,0,2,100,408,16935000,Not charging
2026-08-30T11:37:34,80,80,0,2,100,408,16935000,Not charging
2026-08-30T11:37:49,80,80,0,2,100,374,16935000,Not charging
2026-08-30T11:38:04,80,80,0,2,100,374,16935000,Not charging
2026-08-30T11:38:19,80,80,0,2,100,374,16935000,Not charging
