time,ac,status,capacity,true_pct,charge_now_mah,charge_full_mah,current_ma,millivolts,v_per_cell,profile,threshold,mode
16:12:29,0,Discharging,98,98.0,6272,6400,1429,16200,4.05,2,80,"[Trickle] Standard Long_Life"
16:12:59,0,Discharging,97,97.0,6208,6400,1531,16221,4.0553,2,80,"[Trickle] Standard Long_Life"
16:13:29,0,Discharging,97,97.0,6208,6400,1599,16182,4.0455,2,80,"[Trickle] Standard Long_Life"
16:13:59,0,Discharging,97,97.0,6208,6400,1463,16200,4.05,2,80,"[Trickle] Standard Long_Life"
16:14:29,0,Discharging,97,97.0,6208,6400,1429,16174,4.0435,2,80,"[Trickle] Standard Long_Life"
16:14:59,0,Discharging,97,97.0,6208,6400,1463,16174,4.0435,2,80,"[Trickle] Standard Long_Life"
16:15:29,0,Discharging,96,96.0,6144,6400,1633,16155,4.0388,2,80,"[Trickle] Standard Long_Life"
16:15:59,0,Discharging,96,96.0,6144,6400,1463,16174,4.0435,2,80,"[Trickle] Standard Long_Life"
16:16:29,0,Discharging,96,96.0,6144,6400,1463,16150,4.0375,2,80,"[Trickle] Standard Long_Life"
16:16:59,0,Discharging,96,96.0,6144,6400,1429,16150,4.0375,2,80,"[Trickle] Standard Long_Life"
16:17:29,0,Discharging,96,96.0,6144,6400,1599,16134,4.0335,2,80,"[Trickle] Standard Long_Life"
16:17:59,0,Discharging,95,95.0,6080,6400,1497,16129,4.0323,2,80,"[Trickle] Standard Long_Life"
16:18:29,0,Discharging,95,95.0,6080,6400,1667,16111,4.0278,2,80,"[Trickle] Standard Long_Life"
16:18:59,0,Discharging,95,95.0,6080,6400,1463,16126,4.0315,2,80,"[Trickle] Standard Long_Life"
16:19:29,0,Discharging,95,95.0,6080,6400,1463,16126,4.0315,2,80,"[Trickle] Standard Long_Life"
16:19:59,0,Discharging,95,95.0,6080,6400,1633,16061,4.0152,2,80,"[Trickle] Standard Long_Life"
16:20:29,0,Discharging,94,94.0,6016,6400,1463,16079,4.0198,2,80,"[Trickle] Standard Long_Life"
16:20:59,0,Discharging,94,94.0,6016,6400,1463,16079,4.0198,2,80,"[Trickle] Standard Long_Life"
16:21:29,0,Discharging,94,94.0,6016,6400,1429,16079,4.0198,2,80,"[Trickle] Standard Long_Life"
16:21:59,0,Discharging,94,94.0,6016,6400,1599,16043,4.0107,2,80,"[Trickle] Standard Long_Life"
16:22:29,0,Discharging,94,94.0,6016,6400,1463,16035,4.0088,2,80,"[Trickle] Standard Long_Life"
16:22:59,0,Discharging,93,93.0,5952,6400,1463,16056,4.014,2,80,"[Trickle] Standard Long_Life"
16:23:29,0,Discharging,93,93.0,5952,6400,1429,16056,4.014,2,80,"[Trickle] Standard Long_Life"
16:23:59,0,Discharging,93,93.0,5952,6400,1667,16017,4.0042,2,80,"[Trickle] Standard Long_Life"
16:24:29,0,Discharging,93,93.0,5952,6400,1463,16032,4.008,2,80,"[Trickle] Standard Long_Life"
16:24:59,0,Discharging,93,93.0,5952,6400,1463,15993,3.9983,2,80,"[Trickle] Standard Long_Life"
16:25:29,0,Discharging,92,92.0,5888,6400,1429,15990,3.9975,2,80,"[Trickle] Standard Long_Life"
16:25:59,0,Discharging,92,92.0,5888,6400,1633,16009,4.0023,2,80,"[Trickle] Standard Long_Life"
16:26:29,0,Discharging,92,92.0,5888,6400,1463,15970,3.9925,2,80,"[Trickle] Standard Long_Life"
16:26:59,0,Discharging,92,92.0,5888,6400,1633,15967,3.9918,2,80,"[Trickle] Standard Long_Life"
16:27:29,0,Discharging,92,92.0,5888,6400,1429,15985,3.9962,2,80,"[Trickle] Standard Long_Life"
16:27:59,0,Discharging,91,91.0,5824,6400,1429,15985,3.9962,2,80,"[Trickle] Standard Long_Life"
16:28:29,0,Discharging,91,91.0,5824,6400,1633,15925,3.9813,2,80,"[Trickle] Standard Long_Life"
16:28:59,0,Discharging,91,91.0,5824,6400,1531,15943,3.9857,2,80,"[Trickle] Standard Long_Life"
16:29:29,0,Discharging,91,91.0,5824,6400,1497,15941,3.9853,2,80,"[Trickle] Standard Long_Life"
16:29:59,0,Discharging,91,91.0,5824,6400,1463,15938,3.9845,2,80,"[Trickle] Standard Long_Life"
16:30:29,0,Discharging,90,90.0,5760,6400,1633,15902,3.9755,2,80,"[Trickle] Standard Long_Life"
16:30:59,0,Discharging,90,90.0,5760,6400,1497,15915,3.9787,2,80,"[Trickle] Standard Long_Life"
16:31:29,0,Discharging,90,90.0,5760,6400,1463,15917,3.9792,2,80,"[Trickle] Standard Long_Life"
16:31:59,0,Discharging,90,90.0,5760,6400,1769,15907,3.9768,2,80,"[Trickle] Standard Long_Life"
16:32:29,0,Discharging,90,90.0,5760,6400,1599,15875,3.9688,2,80,"[Trickle] Standard Long_Life"
16:32:59,0,Discharging,89,89.0,5696,6400,1497,15896,3.974,2,80,"[Trickle] Standard Long_Life"
16:33:29,0,Discharging,89,89.0,5696,6400,1599,15878,3.9695,2,80,"[Trickle] Standard Long_Life"
16:33:59,0,Discharging,89,89.0,5696,6400,1463,15867,3.9668,2,80,"[Trickle] Standard Long_Life"
16:34:29,0,Discharging,89,89.0,5696,6400,1497,15867,3.9668,2,80,"[Trickle] Standard Long_Life"
16:34:59,0,Discharging,89,89.0,5696,6400,1599,15826,3.9565,2,80,"[Trickle] Standard Long_Life"
16:35:29,0,Discharging,88,88.0,5632,6400,1497,15844,3.961,2,80,"[Trickle] Standard Long_Life"
16:35:59,0,Discharging,88,88.0,5632,6400,1463,15844,3.961,2,80,"[Trickle] Standard Long_Life"
16:36:29,0,Discharging,88,88.0,5632,6400,1497,15847,3.9617,2,80,"[Trickle] Standard Long_Life"
16:36:59,0,Discharging,88,88.0,5632,6400,1599,15805,3.9512,2,80,"[Trickle] Standard Long_Life"
16:37:29,0,Discharging,88,88.0,5632,6400,1531,15823,3.9558,2,80,"[Trickle] Standard Long_Life"
16:37:59,0,Discharging,87,87.0,5568,6400,1497,15820,3.955,2,80,"[Trickle] Standard Long_Life"
16:38:29,0,Discharging,87,87.0,5568,6400,1497,15799,3.9497,2,80,"[Trickle] Standard Long_Life"
16:38:59,0,Discharging,87,87.0,5568,6400,1599,15781,3.9453,2,80,"[Trickle] Standard Long_Life"
16:40:17,0,Discharging,87,87.0,5568,6400,4115,15594,3.8985,2,80,"[Trickle] Standard Long_Life"
16:40:47,0,Discharging,86,86.0,5504,6400,1667,15690,3.9225,2,80,"[Trickle] Standard Long_Life"
16:41:17,0,Discharging,86,86.0,5504,6400,1429,15776,3.944,2,80,"[Trickle] Standard Long_Life"
16:41:47,0,Discharging,86,86.0,5504,6400,1769,15716,3.929,2,80,"[Trickle] Standard Long_Life"
16:42:17,0,Discharging,86,86.0,5504,6400,1803,15710,3.9275,2,80,"[Trickle] Standard Long_Life"
16:42:47,0,Discharging,85,85.0,5440,6400,2211,15592,3.898,2,80,"[Trickle] Standard Long_Life"
16:43:17,0,Discharging,85,85.0,5440,6400,2143,15571,3.8927,2,80,"[Trickle] Standard Long_Life"
16:43:47,0,Discharging,85,85.0,5440,6400,2211,15564,3.891,2,80,"[Trickle] Standard Long_Life"
16:44:17,0,Discharging,84,84.0,5376,6400,2347,15532,3.883,2,80,"[Trickle] Standard Long_Life"
16:44:47,0,Discharging,84,84.0,5376,6400,2313,15527,3.8817,2,80,"[Trickle] Standard Long_Life"
16:45:17,0,Discharging,84,84.0,5376,6400,2415,15482,3.8705,2,80,"[Trickle] Standard Long_Life"
16:45:47,0,Discharging,83,83.0,5312,6400,2245,15477,3.8693,2,80,"[Trickle] Standard Long_Life"
16:46:17,0,Discharging,83,83.0,5312,6400,1871,15574,3.8935,2,80,"[Trickle] Standard Long_Life"
16:46:47,0,Discharging,83,83.0,5312,6400,1463,15611,3.9028,2,80,"[Trickle] Standard Long_Life"
16:47:17,0,Discharging,83,83.0,5312,6400,1769,15616,3.904,2,80,"[Trickle] Standard Long_Life"
16:47:47,0,Discharging,83,83.0,5312,6400,1497,15632,3.908,2,80,"[Trickle] Standard Long_Life"
16:48:17,0,Discharging,82,82.0,5248,6400,1497,15635,3.9087,2,80,"[Trickle] Standard Long_Life"
16:48:47,0,Discharging,82,82.0,5248,6400,1667,15569,3.8923,2,80,"[Trickle] Standard Long_Life"
16:49:17,0,Discharging,82,82.0,5248,6400,1667,15588,3.897,2,80,"[Trickle] Standard Long_Life"
16:49:47,0,Discharging,82,82.0,5248,6400,1497,15585,3.8963,2,80,"[Trickle] Standard Long_Life"
16:50:17,0,Discharging,82,82.0,5248,6400,1463,15585,3.8963,2,80,"[Trickle] Standard Long_Life"
16:50:47,0,Discharging,81,81.0,5184,6400,1633,15546,3.8865,2,80,"[Trickle] Standard Long_Life"
16:51:17,0,Discharging,81,81.0,5184,6400,1497,15538,3.8845,2,80,"[Trickle] Standard Long_Life"
16:51:47,0,Discharging,81,81.0,5184,6400,1429,15538,3.8845,2,80,"[Trickle] Standard Long_Life"
16:52:17,0,Discharging,81,81.0,5184,6400,1497,15538,3.8845,2,80,"[Trickle] Standard Long_Life"
16:52:47,0,Discharging,81,81.0,5184,6400,1667,15477,3.8693,2,80,"[Trickle] Standard Long_Life"
16:53:17,0,Discharging,80,80.0,5120,6400,1497,15493,3.8733,2,80,"[Trickle] Standard Long_Life"
16:53:47,0,Discharging,80,80.0,5120,6400,1497,15467,3.8668,2,80,"[Trickle] Standard Long_Life"
16:54:17,0,Discharging,80,80.0,5120,6400,1463,15467,3.8668,2,80,"[Trickle] Standard Long_Life"
16:54:47,0,Discharging,80,80.0,5120,6400,1667,15430,3.8575,2,80,"[Trickle] Standard Long_Life"
16:55:17,0,Discharging,80,80.0,5120,6400,1497,15420,3.855,2,80,"[Trickle] Standard Long_Life"
16:55:47,0,Discharging,79,79.0,5056,6400,1599,15433,3.8582,2,80,"[Trickle] Standard Long_Life"
16:56:17,0,Discharging,79,79.0,5056,6400,1497,15423,3.8558,2,80,"[Trickle] Standard Long_Life"
16:56:47,0,Discharging,79,79.0,5056,6400,1463,15420,3.855,2,80,"[Trickle] Standard Long_Life"
16:57:17,0,Discharging,79,79.0,5056,6400,1701,15360,3.84,2,80,"[Trickle] Standard Long_Life"
16:57:47,0,Discharging,79,79.0,5056,6400,1497,15397,3.8493,2,80,"[Trickle] Standard Long_Life"
16:58:17,0,Discharging,78,78.0,4992,6400,1497,15376,3.844,2,80,"[Trickle] Standard Long_Life"
16:58:47,0,Discharging,78,78.0,4992,6400,1497,15376,3.844,2,80,"[Trickle] Standard Long_Life"
16:59:17,0,Discharging,78,78.0,4992,6400,1871,15273,3.8182,2,80,"[Trickle] Standard Long_Life"
16:59:47,0,Discharging,78,78.0,4992,6400,1803,15268,3.817,2,80,"[Trickle] Standard Long_Life"
17:00:17,0,Discharging,78,78.0,4992,6400,1837,15244,3.811,2,80,"[Trickle] Standard Long_Life"
17:00:47,0,Discharging,77,77.0,4928,6400,1871,15221,3.8053,2,80,"[Trickle] Standard Long_Life"
17:01:17,0,Discharging,77,77.0,4928,6400,1871,15202,3.8005,2,80,"[Trickle] Standard Long_Life"
17:01:47,0,Discharging,77,77.0,4928,6400,1837,15200,3.8,2,80,"[Trickle] Standard Long_Life"
17:02:17,0,Discharging,77,77.0,4928,6400,1803,15176,3.794,2,80,"[Trickle] Standard Long_Life"
17:02:47,0,Discharging,76,76.0,4864,6400,1803,15176,3.794,2,80,"[Trickle] Standard Long_Life"
17:03:17,0,Discharging,76,76.0,4864,6400,1905,15176,3.794,2,80,"[Trickle] Standard Long_Life"
17:03:47,0,Discharging,76,76.0,4864,6400,1803,15153,3.7883,2,80,"[Trickle] Standard Long_Life"
17:04:17,0,Discharging,76,76.0,4864,6400,1905,15153,3.7883,2,80,"[Trickle] Standard Long_Life"
17:04:47,0,Discharging,75,75.0,4800,6400,1803,15153,3.7883,2,80,"[Trickle] Standard Long_Life"
17:05:17,0,Discharging,75,75.0,4800,6400,1803,15129,3.7822,2,80,"[Trickle] Standard Long_Life"
17:05:47,0,Discharging,75,75.0,4800,6400,1905,15108,3.777,2,80,"[Trickle] Standard Long_Life"
17:06:17,0,Discharging,75,75.0,4800,6400,1939,15106,3.7765,2,80,"[Trickle] Standard Long_Life"
17:06:47,0,Discharging,74,74.0,4736,6400,1837,15106,3.7765,2,80,"[Trickle] Standard Long_Life"
17:07:17,0,Discharging,74,74.0,4736,6400,1803,15106,3.7765,2,80,"[Trickle] Standard Long_Life"
17:07:47,0,Discharging,74,74.0,4736,6400,1837,15061,3.7652,2,80,"[Trickle] Standard Long_Life"
17:08:17,0,Discharging,74,74.0,4736,6400,1837,15082,3.7705,2,80,"[Trickle] Standard Long_Life"
17:08:47,0,Discharging,73,73.0,4672,6400,1837,15058,3.7645,2,80,"[Trickle] Standard Long_Life"
17:09:17,0,Discharging,73,73.0,4672,6400,1769,15080,3.77,2,80,"[Trickle] Standard Long_Life"
17:09:47,0,Discharging,73,73.0,4672,6400,1735,15080,3.77,2,80,"[Trickle] Standard Long_Life"
17:10:17,0,Discharging,73,73.0,4672,6400,1701,15080,3.77,2,80,"[Trickle] Standard Long_Life"
17:10:47,0,Discharging,73,73.0,4672,6400,1769,15080,3.77,2,80,"[Trickle] Standard Long_Life"
17:11:17,0,Discharging,72,72.0,4608,6400,1701,15053,3.7633,2,80,"[Trickle] Standard Long_Life"
17:11:47,0,Discharging,72,72.0,4608,6400,1735,15056,3.764,2,80,"[Trickle] Standard Long_Life"
17:12:17,0,Discharging,72,72.0,4608,6400,1735,15056,3.764,2,80,"[Trickle] Standard Long_Life"
17:12:47,0,Discharging,72,72.0,4608,6400,1769,15032,3.758,2,80,"[Trickle] Standard Long_Life"
17:13:17,0,Discharging,71,71.0,4544,6400,1735,15032,3.758,2,80,"[Trickle] Standard Long_Life"
17:13:47,0,Discharging,71,71.0,4544,6400,1735,15030,3.7575,2,80,"[Trickle] Standard Long_Life"
17:14:17,0,Discharging,71,71.0,4544,6400,1735,15032,3.758,2,80,"[Trickle] Standard Long_Life"
17:14:47,0,Discharging,71,71.0,4544,6400,1735,15032,3.758,2,80,"[Trickle] Standard Long_Life"
17:15:17,0,Discharging,71,71.0,4544,6400,1769,15009,3.7523,2,80,"[Trickle] Standard Long_Life"
17:15:47,0,Discharging,70,70.0,4480,6400,1735,15009,3.7523,2,80,"[Trickle] Standard Long_Life"
17:16:17,0,Discharging,70,70.0,4480,6400,1735,15009,3.7523,2,80,"[Trickle] Standard Long_Life"
17:16:47,0,Discharging,70,70.0,4480,6400,1769,14985,3.7462,2,80,"[Trickle] Standard Long_Life"
17:17:17,0,Discharging,70,70.0,4480,6400,1735,14985,3.7462,2,80,"[Trickle] Standard Long_Life"
17:17:47,0,Discharging,69,69.0,4416,6400,1701,14985,3.7462,2,80,"[Trickle] Standard Long_Life"
17:18:17,0,Discharging,69,69.0,4416,6400,1701,14985,3.7462,2,80,"[Trickle] Standard Long_Life"
17:18:47,0,Discharging,69,69.0,4416,6400,1735,14985,3.7462,2,80,"[Trickle] Standard Long_Life"
17:19:17,0,Discharging,69,69.0,4416,6400,1735,14962,3.7405,2,80,"[Trickle] Standard Long_Life"
17:19:47,0,Discharging,68,68.0,4352,6400,1701,14959,3.7397,2,80,"[Trickle] Standard Long_Life"
17:20:17,0,Discharging,68,68.0,4352,6400,1735,14959,3.7397,2,80,"[Trickle] Standard Long_Life"
17:20:47,0,Discharging,68,68.0,4352,6400,1735,14964,3.741,2,80,"[Trickle] Standard Long_Life"
17:21:17,0,Discharging,68,68.0,4352,6400,1769,14938,3.7345,2,80,"[Trickle] Standard Long_Life"
17:21:47,0,Discharging,68,68.0,4352,6400,1769,14938,3.7345,2,80,"[Trickle] Standard Long_Life"
17:22:17,0,Discharging,67,67.0,4288,6400,1735,14938,3.7345,2,80,"[Trickle] Standard Long_Life"
17:22:47,0,Discharging,67,67.0,4288,6400,1735,14915,3.7287,2,80,"[Trickle] Standard Long_Life"
17:23:17,0,Discharging,67,67.0,4288,6400,1701,14941,3.7353,2,80,"[Trickle] Standard Long_Life"
17:23:47,0,Discharging,67,67.0,4288,6400,1735,14912,3.728,2,80,"[Trickle] Standard Long_Life"
17:24:17,0,Discharging,66,66.0,4224,6400,1735,14915,3.7287,2,80,"[Trickle] Standard Long_Life"
17:24:47,0,Discharging,66,66.0,4224,6400,1701,14915,3.7287,2,80,"[Trickle] Standard Long_Life"
17:25:17,0,Discharging,66,66.0,4224,6400,1769,14915,3.7287,2,80,"[Trickle] Standard Long_Life"
17:25:47,0,Discharging,66,66.0,4224,6400,1769,14893,3.7233,2,80,"[Trickle] Standard Long_Life"
17:26:17,0,Discharging,66,66.0,4224,6400,1871,14891,3.7228,2,80,"[Trickle] Standard Long_Life"
17:26:47,0,Discharging,65,65.0,4160,6400,1769,14891,3.7228,2,80,"[Trickle] Standard Long_Life"
17:27:17,0,Discharging,65,65.0,4160,6400,1803,14891,3.7228,2,80,"[Trickle] Standard Long_Life"
17:27:47,0,Discharging,65,65.0,4160,6400,1803,14867,3.7168,2,80,"[Trickle] Standard Long_Life"
17:28:17,0,Discharging,65,65.0,4160,6400,1735,14867,3.7168,2,80,"[Trickle] Standard Long_Life"
17:28:47,0,Discharging,64,64.0,4096,6400,1735,14867,3.7168,2,80,"[Trickle] Standard Long_Life"
17:29:17,0,Discharging,64,64.0,4096,6400,1769,14867,3.7168,2,80,"[Trickle] Standard Long_Life"
17:29:47,0,Discharging,64,64.0,4096,6400,1769,14844,3.711,2,80,"[Trickle] Standard Long_Life"
17:30:17,0,Discharging,64,64.0,4096,6400,1803,14846,3.7115,2,80,"[Trickle] Standard Long_Life"
17:30:47,0,Discharging,63,63.0,4032,6400,1803,14823,3.7058,2,80,"[Trickle] Standard Long_Life"
17:31:17,0,Discharging,63,63.0,4032,6400,1905,14802,3.7005,2,80,"[Trickle] Standard Long_Life"
17:31:47,0,Discharging,63,63.0,4032,6400,1871,14799,3.6997,2,80,"[Trickle] Standard Long_Life"
17:32:17,0,Discharging,63,63.0,4032,6400,1803,14823,3.7058,2,80,"[Trickle] Standard Long_Life"
17:32:47,0,Discharging,62,62.0,3968,6400,1837,14799,3.6997,2,80,"[Trickle] Standard Long_Life"
17:33:17,0,Discharging,62,62.0,3968,6400,1871,14804,3.701,2,80,"[Trickle] Standard Long_Life"
17:33:47,0,Discharging,62,62.0,3968,6400,1871,14799,3.6997,2,80,"[Trickle] Standard Long_Life"
17:34:17,0,Discharging,62,62.0,3968,6400,1871,14802,3.7005,2,80,"[Trickle] Standard Long_Life"
17:34:47,0,Discharging,61,61.0,3904,6400,1803,14776,3.694,2,80,"[Trickle] Standard Long_Life"
17:35:17,0,Discharging,61,61.0,3904,6400,1837,14776,3.694,2,80,"[Trickle] Standard Long_Life"
17:35:47,0,Discharging,61,61.0,3904,6400,1905,14757,3.6892,2,80,"[Trickle] Standard Long_Life"
17:36:17,0,Discharging,61,61.0,3904,6400,1837,14776,3.694,2,80,"[Trickle] Standard Long_Life"
17:36:47,0,Discharging,61,61.0,3904,6400,1837,14752,3.688,2,80,"[Trickle] Standard Long_Life"
17:37:17,0,Discharging,60,60.0,3840,6400,1837,14755,3.6888,2,80,"[Trickle] Standard Long_Life"
17:37:47,0,Discharging,60,60.0,3840,6400,1871,14755,3.6888,2,80,"[Trickle] Standard Long_Life"
17:38:17,0,Discharging,60,60.0,3840,6400,1837,14755,3.6888,2,80,"[Trickle] Standard Long_Life"
17:38:47,0,Discharging,60,60.0,3840,6400,1837,14752,3.688,2,80,"[Trickle] Standard Long_Life"
17:39:17,0,Discharging,59,59.0,3776,6400,1837,14752,3.688,2,80,"[Trickle] Standard Long_Life"
17:39:47,0,Discharging,59,59.0,3776,6400,1939,14731,3.6827,2,80,"[Trickle] Standard Long_Life"
17:40:17,0,Discharging,59,59.0,3776,6400,1871,14729,3.6822,2,80,"[Trickle] Standard Long_Life"
17:40:47,0,Discharging,59,59.0,3776,6400,1769,14705,3.6763,2,80,"[Trickle] Standard Long_Life"
17:41:17,0,Discharging,58,58.0,3712,6400,1735,14750,3.6875,2,80,"[Trickle] Standard Long_Life"
17:41:47,0,Discharging,58,58.0,3712,6400,1769,14750,3.6875,2,80,"[Trickle] Standard Long_Life"
17:42:17,0,Discharging,58,58.0,3712,6400,1735,14750,3.6875,2,80,"[Trickle] Standard Long_Life"
17:42:47,0,Discharging,58,58.0,3712,6400,1769,14750,3.6875,2,80,"[Trickle] Standard Long_Life"
17:43:17,0,Discharging,57,57.0,3648,6400,1735,14750,3.6875,2,80,"[Trickle] Standard Long_Life"
17:43:47,0,Discharging,57,57.0,3648,6400,1769,14750,3.6875,2,80,"[Trickle] Standard Long_Life"
17:44:17,0,Discharging,57,57.0,3648,6400,1769,14726,3.6815,2,80,"[Trickle] Standard Long_Life"
17:44:47,0,Discharging,57,57.0,3648,6400,1769,14752,3.688,2,80,"[Trickle] Standard Long_Life"
17:45:17,0,Discharging,56,56.0,3584,6400,1735,14724,3.681,2,80,"[Trickle] Standard Long_Life"
17:45:47,0,Discharging,56,56.0,3584,6400,1735,14726,3.6815,2,80,"[Trickle] Standard Long_Life"
17:46:17,0,Discharging,56,56.0,3584,6400,1769,14726,3.6815,2,80,"[Trickle] Standard Long_Life"
17:46:47,0,Discharging,56,56.0,3584,6400,1769,14726,3.6815,2,80,"[Trickle] Standard Long_Life"
17:47:17,0,Discharging,56,56.0,3584,6400,1769,14729,3.6822,2,80,"[Trickle] Standard Long_Life"
17:47:47,0,Discharging,55,55.0,3520,6400,1769,14726,3.6815,2,80,"[Trickle] Standard Long_Life"
17:48:17,0,Discharging,55,55.0,3520,6400,1837,14703,3.6757,2,80,"[Trickle] Standard Long_Life"
17:48:47,0,Discharging,55,55.0,3520,6400,1769,14703,3.6757,2,80,"[Trickle] Standard Long_Life"
17:49:17,0,Discharging,55,55.0,3520,6400,1769,14705,3.6763,2,80,"[Trickle] Standard Long_Life"
17:49:47,0,Discharging,54,54.0,3456,6400,1769,14705,3.6763,2,80,"[Trickle] Standard Long_Life"
17:50:17,0,Discharging,54,54.0,3456,6400,1769,14703,3.6757,2,80,"[Trickle] Standard Long_Life"
17:50:47,0,Discharging,54,54.0,3456,6400,1769,14705,3.6763,2,80,"[Trickle] Standard Long_Life"
17:51:17,0,Discharging,54,54.0,3456,6400,1735,14679,3.6698,2,80,"[Trickle] Standard Long_Life"
17:51:47,0,Discharging,53,53.0,3392,6400,1769,14703,3.6757,2,80,"[Trickle] Standard Long_Life"
17:52:17,0,Discharging,53,53.0,3392,6400,1769,14679,3.6698,2,80,"[Trickle] Standard Long_Life"
17:52:47,0,Discharging,53,53.0,3392,6400,1769,14679,3.6698,2,80,"[Trickle] Standard Long_Life"
17:53:17,0,Discharging,53,53.0,3392,6400,1803,14679,3.6698,2,80,"[Trickle] Standard Long_Life"
17:53:47,0,Discharging,53,53.0,3392,6400,1769,14679,3.6698,2,80,"[Trickle] Standard Long_Life"
17:54:17,0,Discharging,52,52.0,3328,6400,1769,14681,3.6702,2,80,"[Trickle] Standard Long_Life"
17:54:47,0,Discharging,52,52.0,3328,6400,1735,14658,3.6645,2,80,"[Trickle] Standard Long_Life"
17:55:17,0,Discharging,52,52.0,3328,6400,1735,14679,3.6698,2,80,"[Trickle] Standard Long_Life"
17:55:47,0,Discharging,52,52.0,3328,6400,1871,14655,3.6637,2,80,"[Trickle] Standard Long_Life"
17:56:17,0,Discharging,51,51.0,3264,6400,1769,14655,3.6637,2,80,"[Trickle] Standard Long_Life"
17:56:47,0,Discharging,51,51.0,3264,6400,1769,14658,3.6645,2,80,"[Trickle] Standard Long_Life"
17:57:17,0,Discharging,51,51.0,3264,6400,1769,14658,3.6645,2,80,"[Trickle] Standard Long_Life"
17:57:47,0,Discharging,51,51.0,3264,6400,1735,14632,3.658,2,80,"[Trickle] Standard Long_Life"
17:58:17,0,Discharging,50,50.0,3200,6400,1803,14655,3.6637,2,80,"[Trickle] Standard Long_Life"
17:58:47,0,Discharging,50,50.0,3200,6400,1769,14655,3.6637,2,80,"[Trickle] Standard Long_Life"
17:59:17,0,Discharging,50,50.0,3200,6400,1769,14634,3.6585,2,80,"[Trickle] Standard Long_Life"
17:59:47,0,Discharging,50,50.0,3200,6400,1769,14634,3.6585,2,80,"[Trickle] Standard Long_Life"
18:00:17,0,Discharging,50,50.0,3200,6400,1769,14634,3.6585,2,80,"[Trickle] Standard Long_Life"
18:00:47,0,Discharging,49,49.0,3136,6400,1735,14632,3.658,2,80,"[Trickle] Standard Long_Life"
18:01:17,0,Discharging,49,49.0,3136,6400,1769,14611,3.6528,2,80,"[Trickle] Standard Long_Life"
18:01:47,0,Discharging,49,49.0,3136,6400,1735,14632,3.658,2,80,"[Trickle] Standard Long_Life"
18:02:17,0,Discharging,49,49.0,3136,6400,1769,14608,3.652,2,80,"[Trickle] Standard Long_Life"
18:02:47,0,Discharging,48,48.0,3072,6400,1769,14608,3.652,2,80,"[Trickle] Standard Long_Life"
18:03:17,0,Discharging,48,48.0,3072,6400,1837,14611,3.6528,2,80,"[Trickle] Standard Long_Life"
18:03:47,0,Discharging,48,48.0,3072,6400,1735,14611,3.6528,2,80,"[Trickle] Standard Long_Life"
18:04:17,0,Discharging,48,48.0,3072,6400,1803,14611,3.6528,2,80,"[Trickle] Standard Long_Life"
18:04:47,0,Discharging,47,47.0,3008,6400,1735,14611,3.6528,2,80,"[Trickle] Standard Long_Life"
18:05:17,0,Discharging,47,47.0,3008,6400,1735,14585,3.6463,2,80,"[Trickle] Standard Long_Life"
18:05:47,0,Discharging,47,47.0,3008,6400,1769,14585,3.6463,2,80,"[Trickle] Standard Long_Life"
18:06:17,0,Discharging,47,47.0,3008,6400,1803,14585,3.6463,2,80,"[Trickle] Standard Long_Life"
18:06:47,0,Discharging,47,47.0,3008,6400,1803,14587,3.6467,2,80,"[Trickle] Standard Long_Life"
18:07:17,0,Discharging,46,46.0,2944,6400,1769,14585,3.6463,2,80,"[Trickle] Standard Long_Life"
18:07:47,0,Discharging,46,46.0,2944,6400,1769,14561,3.6402,2,80,"[Trickle] Standard Long_Life"
18:08:17,0,Discharging,46,46.0,2944,6400,1769,14561,3.6402,2,80,"[Trickle] Standard Long_Life"
18:08:47,0,Discharging,46,46.0,2944,6400,1769,14561,3.6402,2,80,"[Trickle] Standard Long_Life"
18:09:17,0,Discharging,45,45.0,2880,6400,1735,14561,3.6402,2,80,"[Trickle] Standard Long_Life"
18:09:47,0,Discharging,45,45.0,2880,6400,1803,14540,3.635,2,80,"[Trickle] Standard Long_Life"
18:10:17,0,Discharging,45,45.0,2880,6400,1769,14564,3.641,2,80,"[Trickle] Standard Long_Life"
18:10:47,0,Discharging,45,45.0,2880,6400,1769,14538,3.6345,2,80,"[Trickle] Standard Long_Life"
18:11:17,0,Discharging,44,44.0,2816,6400,1769,14538,3.6345,2,80,"[Trickle] Standard Long_Life"
18:11:47,0,Discharging,44,44.0,2816,6400,1769,14538,3.6345,2,80,"[Trickle] Standard Long_Life"
18:12:17,0,Discharging,44,44.0,2816,6400,1769,14516,3.629,2,80,"[Trickle] Standard Long_Life"
18:12:47,0,Discharging,44,44.0,2816,6400,1769,14516,3.629,2,80,"[Trickle] Standard Long_Life"
18:13:17,0,Discharging,43,43.0,2752,6400,1769,14516,3.629,2,80,"[Trickle] Standard Long_Life"
18:13:47,0,Discharging,43,43.0,2752,6400,1769,14514,3.6285,2,80,"[Trickle] Standard Long_Life"
18:14:17,0,Discharging,43,43.0,2752,6400,1803,14493,3.6233,2,80,"[Trickle] Standard Long_Life"
18:14:47,0,Discharging,43,43.0,2752,6400,1769,14493,3.6233,2,80,"[Trickle] Standard Long_Life"
18:15:17,0,Discharging,43,43.0,2752,6400,1769,14467,3.6168,2,80,"[Trickle] Standard Long_Life"
18:15:47,0,Discharging,42,42.0,2688,6400,1769,14493,3.6233,2,80,"[Trickle] Standard Long_Life"
18:16:17,0,Discharging,42,42.0,2688,6400,1803,14467,3.6168,2,80,"[Trickle] Standard Long_Life"
18:16:47,0,Discharging,42,42.0,2688,6400,1803,14469,3.6172,2,80,"[Trickle] Standard Long_Life"
18:17:17,0,Discharging,42,42.0,2688,6400,1769,14469,3.6172,2,80,"[Trickle] Standard Long_Life"
18:17:47,0,Discharging,41,41.0,2624,6400,1769,14443,3.6107,2,80,"[Trickle] Standard Long_Life"
18:18:17,0,Discharging,41,41.0,2624,6400,1769,14443,3.6107,2,80,"[Trickle] Standard Long_Life"
18:18:47,0,Discharging,41,41.0,2624,6400,1769,14446,3.6115,2,80,"[Trickle] Standard Long_Life"
18:19:17,0,Discharging,41,41.0,2624,6400,1769,14422,3.6055,2,80,"[Trickle] Standard Long_Life"
18:19:47,0,Discharging,40,40.0,2560,6400,1803,14446,3.6115,2,80,"[Trickle] Standard Long_Life"
18:20:17,0,Discharging,40,40.0,2560,6400,1803,14420,3.605,2,80,"[Trickle] Standard Long_Life"
18:20:47,0,Discharging,40,40.0,2560,6400,1803,14399,3.5997,2,80,"[Trickle] Standard Long_Life"
18:21:17,0,Discharging,40,40.0,2560,6400,1769,14399,3.5997,2,80,"[Trickle] Standard Long_Life"
18:21:47,0,Discharging,39,39.0,2496,6400,1837,14401,3.6002,2,80,"[Trickle] Standard Long_Life"
18:22:17,0,Discharging,39,39.0,2496,6400,1803,14399,3.5997,2,80,"[Trickle] Standard Long_Life"
18:22:47,0,Discharging,39,39.0,2496,6400,1837,14396,3.599,2,80,"[Trickle] Standard Long_Life"
18:23:17,0,Discharging,39,39.0,2496,6400,1769,14375,3.5938,2,80,"[Trickle] Standard Long_Life"
18:23:47,0,Discharging,39,39.0,2496,6400,1803,14373,3.5932,2,80,"[Trickle] Standard Long_Life"
18:24:17,0,Discharging,38,38.0,2432,6400,1803,14373,3.5932,2,80,"[Trickle] Standard Long_Life"
18:24:47,0,Discharging,38,38.0,2432,6400,1803,14351,3.5878,2,80,"[Trickle] Standard Long_Life"
18:25:17,0,Discharging,38,38.0,2432,6400,1905,14307,3.5768,2,80,"[Trickle] Standard Long_Life"
18:25:47,0,Discharging,38,38.0,2432,6400,1905,14330,3.5825,2,80,"[Trickle] Standard Long_Life"
18:26:17,0,Discharging,37,37.0,2368,6400,1871,14309,3.5772,2,80,"[Trickle] Standard Long_Life"
18:26:47,0,Discharging,37,37.0,2368,6400,1973,14285,3.5713,2,80,"[Trickle] Standard Long_Life"
18:27:17,0,Discharging,37,37.0,2368,6400,1905,14285,3.5713,2,80,"[Trickle] Standard Long_Life"
18:27:47,0,Discharging,37,37.0,2368,6400,1973,14262,3.5655,2,80,"[Trickle] Standard Long_Life"
18:28:17,0,Discharging,36,36.0,2304,6400,1871,14260,3.565,2,80,"[Trickle] Standard Long_Life"
18:28:47,0,Discharging,36,36.0,2304,6400,1871,14288,3.572,2,80,"[Trickle] Standard Long_Life"
18:29:17,0,Discharging,36,36.0,2304,6400,1973,14238,3.5595,2,80,"[Trickle] Standard Long_Life"
18:29:47,0,Discharging,36,36.0,2304,6400,1939,14238,3.5595,2,80,"[Trickle] Standard Long_Life"
18:30:17,0,Discharging,35,35.0,2240,6400,1871,14236,3.559,2,80,"[Trickle] Standard Long_Life"
18:30:47,0,Discharging,35,35.0,2240,6400,1939,14236,3.559,2,80,"[Trickle] Standard Long_Life"
18:31:17,0,Discharging,35,35.0,2240,6400,1973,14217,3.5543,2,80,"[Trickle] Standard Long_Life"
18:31:47,0,Discharging,35,35.0,2240,6400,1905,14215,3.5537,2,80,"[Trickle] Standard Long_Life"
18:32:17,0,Discharging,34,34.0,2176,6400,1905,14212,3.553,2,80,"[Trickle] Standard Long_Life"
18:32:47,0,Discharging,34,34.0,2176,6400,1905,14189,3.5473,2,80,"[Trickle] Standard Long_Life"
18:33:17,0,Discharging,34,34.0,2176,6400,1973,14168,3.542,2,80,"[Trickle] Standard Long_Life"
18:33:47,0,Discharging,34,34.0,2176,6400,1905,14168,3.542,2,80,"[Trickle] Standard Long_Life"
18:34:17,0,Discharging,33,33.0,2112,6400,1905,14146,3.5365,2,80,"[Trickle] Standard Long_Life"
18:34:47,0,Discharging,33,33.0,2112,6400,1939,14142,3.5355,2,80,"[Trickle] Standard Long_Life"
18:35:17,0,Discharging,33,33.0,2112,6400,1837,14139,3.5347,2,80,"[Trickle] Standard Long_Life"
18:35:47,0,Discharging,33,33.0,2112,6400,1837,14163,3.5408,2,80,"[Trickle] Standard Long_Life"
18:36:17,0,Discharging,32,32.0,2048,6400,1837,14139,3.5347,2,80,"[Trickle] Standard Long_Life"
18:36:47,0,Discharging,32,32.0,2048,6400,1803,14163,3.5408,2,80,"[Trickle] Standard Long_Life"
18:37:17,0,Discharging,32,32.0,2048,6400,1871,14139,3.5347,2,80,"[Trickle] Standard Long_Life"
18:37:47,0,Discharging,32,32.0,2048,6400,1803,14139,3.5347,2,80,"[Trickle] Standard Long_Life"
18:38:17,0,Discharging,31,31.0,1984,6400,1837,14116,3.529,2,80,"[Trickle] Standard Long_Life"
18:38:47,0,Discharging,31,31.0,1984,6400,1803,14116,3.529,2,80,"[Trickle] Standard Long_Life"
18:39:17,0,Discharging,31,31.0,1984,6400,1803,14116,3.529,2,80,"[Trickle] Standard Long_Life"
18:39:47,0,Discharging,31,31.0,1984,6400,1803,14092,3.523,2,80,"[Trickle] Standard Long_Life"
18:40:17,0,Discharging,30,30.0,1920,6400,1837,14073,3.5183,2,80,"[Trickle] Standard Long_Life"
18:40:47,0,Discharging,30,30.0,1920,6400,1837,14071,3.5177,2,80,"[Trickle] Standard Long_Life"
18:41:17,0,Discharging,29,29.0,1856,6400,1871,14069,3.5173,2,80,"[Trickle] Standard Long_Life"
18:41:47,0,Discharging,27,27.0,1728,6400,1871,14045,3.5112,2,80,"[Trickle] Standard Long_Life"
18:42:17,0,Discharging,25,25.0,1600,6400,1973,14045,3.5112,2,80,"[Trickle] Standard Long_Life"
18:42:47,0,Discharging,23,23.0,1472,6400,1837,14022,3.5055,2,80,"[Trickle] Standard Long_Life"
18:43:17,0,Discharging,22,22.0,1408,6400,1905,14022,3.5055,2,80,"[Trickle] Standard Long_Life"
18:43:47,0,Discharging,20,20.0,1280,6400,1905,14024,3.506,2,80,"[Trickle] Standard Long_Life"
18:44:17,0,Discharging,18,18.0,1152,6400,1871,13998,3.4995,2,80,"[Trickle] Standard Long_Life"
18:44:47,0,Discharging,16,16.0,1024,6400,1871,13998,3.4995,2,80,"[Trickle] Standard Long_Life"
18:45:17,0,Discharging,14,14.0,896,6400,1803,14017,3.5042,2,80,"[Trickle] Standard Long_Life"
18:45:47,0,Discharging,12,12.0,768,6400,1735,14017,3.5042,2,80,"[Trickle] Standard Long_Life"
18:46:17,0,Discharging,10,10.0,640,6400,1735,13998,3.4995,2,80,"[Trickle] Standard Long_Life"
18:46:47,0,Discharging,8,8.0,512,6400,1803,13993,3.4983,2,80,"[Trickle] Standard Long_Life"
18:47:17,0,Discharging,8,8.0,512,6400,1735,13993,3.4983,2,80,"[Trickle] Standard Long_Life"
18:47:47,0,Discharging,7,7.0,448,6400,1701,13993,3.4983,2,80,"[Trickle] Standard Long_Life"
18:48:17,0,Discharging,7,7.0,448,6400,1769,13972,3.493,2,80,"[Trickle] Standard Long_Life"
18:48:47,0,Discharging,6,6.0,384,6400,1735,13972,3.493,2,80,"[Trickle] Standard Long_Life"
18:49:17,0,Discharging,6,6.0,384,6400,1701,13946,3.4865,2,80,"[Trickle] Standard Long_Life"
18:49:47,0,Discharging,6,6.0,384,6400,1735,13949,3.4872,2,80,"[Trickle] Standard Long_Life"
18:50:17,0,Discharging,6,6.0,384,6400,1769,13927,3.4817,2,80,"[Trickle] Standard Long_Life"
18:50:47,0,Discharging,6,6.0,384,6400,1735,13901,3.4752,2,80,"[Trickle] Standard Long_Life"
18:51:17,0,Discharging,5,5.0,320,6400,1735,13878,3.4695,2,80,"[Trickle] Standard Long_Life"
18:51:47,0,Discharging,5,5.0,320,6400,1735,13878,3.4695,2,80,"[Trickle] Standard Long_Life"
18:52:17,0,Discharging,4,4.0,256,6400,1769,13854,3.4635,2,80,"[Trickle] Standard Long_Life"
18:52:47,0,Discharging,4,4.0,256,6400,1769,13807,3.4518,2,80,"[Trickle] Standard Long_Life"
18:53:17,0,Discharging,4,4.0,256,6400,1803,13807,3.4518,2,80,"[Trickle] Standard Long_Life"
18:53:47,0,Discharging,4,4.0,256,6400,1735,13784,3.446,2,80,"[Trickle] Standard Long_Life"
18:54:17,0,Discharging,3,3.0,192,6400,1735,13760,3.44,2,80,"[Trickle] Standard Long_Life"
18:54:47,0,Discharging,3,3.0,192,6400,1803,13715,3.4287,2,80,"[Trickle] Standard Long_Life"
18:55:17,0,Discharging,3,3.0,192,6400,1769,13713,3.4282,2,80,"[Trickle] Standard Long_Life"
18:55:47,0,Discharging,3,3.0,192,6400,1735,13666,3.4165,2,80,"[Trickle] Standard Long_Life"
18:56:17,0,Discharging,3,3.0,192,6400,1803,13642,3.4105,2,80,"[Trickle] Standard Long_Life"
18:56:47,0,Discharging,2,2.0,128,6400,1769,13595,3.3988,2,80,"[Trickle] Standard Long_Life"
18:57:18,0,Discharging,2,2.0,128,6400,3333,13548,3.387,2,80,"[Trickle] Standard Long_Life"
19:07:14,1,Charging,2,2.0,128,6400,1938,13651,3.4127,2,80,"[Trickle] Standard Long_Life"
19:07:44,1,Charging,2,2.0,128,6400,6188,15833,3.9583,2,80,"[Trickle] Standard Long_Life"
19:08:14,1,Charging,3,3.0,192,6400,6188,16068,4.017,2,80,"[Trickle] Standard Long_Life"
19:08:44,1,Charging,4,4.0,256,6400,6188,16185,4.0462,2,80,"[Trickle] Standard Long_Life"
19:09:14,1,Charging,4,4.0,256,6400,6188,16208,4.052,2,80,"[Trickle] Standard Long_Life"
19:09:44,1,Charging,5,5.0,320,6400,6188,16232,4.058,2,80,"[Trickle] Standard Long_Life"
19:10:14,1,Charging,6,6.0,384,6400,6188,16232,4.058,2,80,"[Trickle] Standard Long_Life"
19:10:44,1,Charging,7,7.0,448,6400,6188,16232,4.058,2,80,"[Trickle] Standard Long_Life"
19:11:14,1,Charging,8,8.0,512,6400,6188,16232,4.058,2,80,"[Trickle] Standard Long_Life"
19:11:44,1,Charging,8,8.0,512,6400,6188,16255,4.0637,2,80,"[Trickle] Standard Long_Life"
19:12:14,1,Charging,9,9.0,576,6400,6188,16279,4.0697,2,80,"[Trickle] Standard Long_Life"
19:12:44,1,Charging,10,10.0,640,6400,6188,16279,4.0697,2,80,"[Trickle] Standard Long_Life"
19:13:14,1,Charging,11,11.0,704,6400,6188,16302,4.0755,2,80,"[Trickle] Standard Long_Life"
19:13:44,1,Charging,12,12.0,768,6400,6188,16302,4.0755,2,80,"[Trickle] Standard Long_Life"
19:14:14,1,Charging,12,12.0,768,6400,6188,16326,4.0815,2,80,"[Trickle] Standard Long_Life"
19:14:44,1,Charging,13,13.0,832,6400,6188,16349,4.0873,2,80,"[Trickle] Standard Long_Life"
19:15:14,1,Charging,14,14.0,896,6400,6188,16373,4.0933,2,80,"[Trickle] Standard Long_Life"
19:15:44,1,Charging,15,15.0,960,6400,6188,16373,4.0933,2,80,"[Trickle] Standard Long_Life"
19:16:14,1,Charging,16,16.0,1024,6400,6188,16373,4.0933,2,80,"[Trickle] Standard Long_Life"
19:16:44,1,Charging,16,16.0,1024,6400,6154,16396,4.099,2,80,"[Trickle] Standard Long_Life"
19:17:14,1,Charging,17,17.0,1088,6400,6154,16419,4.1048,2,80,"[Trickle] Standard Long_Life"
19:17:44,1,Charging,18,18.0,1152,6400,6120,16419,4.1048,2,80,"[Trickle] Standard Long_Life"
19:18:14,1,Charging,19,19.0,1216,6400,6120,16443,4.1108,2,80,"[Trickle] Standard Long_Life"
19:18:44,1,Charging,20,20.0,1280,6400,6120,16443,4.1108,2,80,"[Trickle] Standard Long_Life"
19:19:14,1,Charging,20,20.0,1280,6400,6120,16443,4.1108,2,80,"[Trickle] Standard Long_Life"
19:19:44,1,Charging,21,21.0,1344,6400,6086,16466,4.1165,2,80,"[Trickle] Standard Long_Life"
19:20:14,1,Charging,22,22.0,1408,6400,6086,16466,4.1165,2,80,"[Trickle] Standard Long_Life"
19:20:44,1,Charging,23,23.0,1472,6400,6086,16466,4.1165,2,80,"[Trickle] Standard Long_Life"
19:21:14,1,Charging,24,24.0,1536,6400,6086,16466,4.1165,2,80,"[Trickle] Standard Long_Life"
19:21:44,1,Charging,24,24.0,1536,6400,6086,16490,4.1225,2,80,"[Trickle] Standard Long_Life"
19:22:14,0,Discharging,25,25.0,1600,6400,3469,16490,4.1225,2,80,"[Trickle] Standard Long_Life"
19:22:44,0,Discharging,24,24.0,1536,6400,1973,15093,3.7732,2,80,"[Trickle] Standard Long_Life"
19:23:14,0,Discharging,24,24.0,1536,6400,1497,15022,3.7555,2,80,"[Trickle] Standard Long_Life"
19:23:44,1,Charging,24,24.0,1536,6400,1972,15575,3.8937,2,80,"[Trickle] Standard Long_Life"
19:24:14,1,Charging,25,25.0,1600,6400,6188,16419,4.1048,2,80,"[Trickle] Standard Long_Life"
19:24:44,1,Charging,26,26.0,1664,6400,6120,16466,4.1165,2,60,"[Trickle] Standard Long_Life"
19:25:14,1,Charging,27,27.0,1728,6400,6120,16490,4.1225,2,60,"[Trickle] Standard Long_Life"
19:25:44,1,Charging,27,27.0,1728,6400,6086,16490,4.1225,2,60,"[Trickle] Standard Long_Life"
19:26:14,1,Charging,28,28.0,1792,6400,6086,16490,4.1225,2,60,"[Trickle] Standard Long_Life"
19:26:44,1,Charging,29,29.0,1856,6400,6086,16513,4.1283,2,60,"[Trickle] Standard Long_Life"
19:27:14,1,Charging,30,30.0,1920,6400,6086,16513,4.1283,2,60,"[Trickle] Standard Long_Life"
19:27:44,1,Charging,31,31.0,1984,6400,6052,16513,4.1283,2,60,"[Trickle] Standard Long_Life"
19:28:14,1,Charging,31,31.0,1984,6400,6052,16513,4.1283,2,60,"[Trickle] Standard Long_Life"
19:28:44,1,Charging,32,32.0,2048,6400,6018,16513,4.1283,2,60,"[Trickle] Standard Long_Life"
19:29:14,1,Charging,33,33.0,2112,6400,6018,16513,4.1283,2,60,"[Trickle] Standard Long_Life"
19:29:44,1,Charging,34,34.0,2176,6400,6018,16513,4.1283,2,60,"[Trickle] Standard Long_Life"
19:30:14,1,Charging,34,34.0,2176,6400,5984,16513,4.1283,2,60,"[Trickle] Standard Long_Life"
19:30:44,1,Charging,35,35.0,2240,6400,5950,16513,4.1283,2,60,"[Trickle] Standard Long_Life"
19:31:14,1,Charging,36,36.0,2304,6400,5916,16537,4.1342,2,60,"[Trickle] Standard Long_Life"
19:31:44,1,Charging,37,37.0,2368,6400,5882,16537,4.1342,2,60,"[Trickle] Standard Long_Life"
19:32:14,1,Charging,37,37.0,2368,6400,5814,16513,4.1283,2,60,"[Trickle] Standard Long_Life"
19:32:44,1,Charging,38,38.0,2432,6400,5780,16537,4.1342,2,60,"[Trickle] Standard Long_Life"
19:33:14,1,Charging,39,39.0,2496,6400,5712,16537,4.1342,2,60,"[Trickle] Standard Long_Life"
19:33:44,1,Charging,40,40.0,2560,6400,5644,16537,4.1342,2,60,"[Trickle] Standard Long_Life"
19:34:14,1,Charging,40,40.0,2560,6400,5610,16537,4.1342,2,60,"[Trickle] Standard Long_Life"
19:34:44,1,Charging,41,41.0,2624,6400,5542,16537,4.1342,2,60,"[Trickle] Standard Long_Life"
19:35:14,1,Charging,42,42.0,2688,6400,5508,16537,4.1342,2,60,"[Trickle] Standard Long_Life"
19:35:44,1,Charging,43,43.0,2752,6400,5440,16537,4.1342,2,60,"[Trickle] Standard Long_Life"
19:36:14,1,Charging,43,43.0,2752,6400,5372,16513,4.1283,2,60,"[Trickle] Standard Long_Life"
19:36:44,1,Charging,44,44.0,2816,6400,5304,16537,4.1342,2,60,"[Trickle] Standard Long_Life"
19:37:14,1,Charging,45,45.0,2880,6400,5236,16537,4.1342,2,60,"[Trickle] Standard Long_Life"
19:37:44,1,Charging,45,45.0,2880,6400,5168,16537,4.1342,2,60,"[Trickle] Standard Long_Life"
19:38:14,1,Charging,46,46.0,2944,6400,5100,16537,4.1342,2,60,"[Trickle] Standard Long_Life"
19:38:44,1,Charging,47,47.0,3008,6400,4998,16537,4.1342,2,60,"[Trickle] Standard Long_Life"
19:39:14,1,Charging,47,47.0,3008,6400,0,15739,3.9348,2,60,"[Trickle] Standard Long_Life"
19:39:44,1,Charging,47,47.0,3008,6400,0,15669,3.9173,2,60,"[Trickle] Standard Long_Life"
19:40:14,1,Charging,47,47.0,3008,6400,0,15645,3.9112,2,60,"[Trickle] Standard Long_Life"
19:40:44,1,Charging,47,47.0,3008,6400,0,15622,3.9055,2,60,"[Trickle] Standard Long_Life"
19:41:15,1,Charging,47,47.0,3008,6400,0,15622,3.9055,2,60,"[Trickle] Standard Long_Life"
19:41:45,1,Charging,47,47.0,3008,6400,0,15622,3.9055,2,60,"[Trickle] Standard Long_Life"
19:42:15,1,Charging,47,47.0,3008,6400,0,15622,3.9055,2,60,"[Trickle] Standard Long_Life"
19:42:45,1,Charging,47,47.0,3008,6400,0,15598,3.8995,2,60,"[Trickle] Standard Long_Life"
19:43:15,1,Charging,47,47.0,3008,6400,0,15598,3.8995,2,60,"[Trickle] Standard Long_Life"
19:43:45,1,Charging,47,47.0,3008,6400,0,15598,3.8995,2,60,"[Trickle] Standard Long_Life"
19:44:15,1,Charging,47,47.0,3008,6400,0,15598,3.8995,2,60,"[Trickle] Standard Long_Life"
19:44:45,1,Charging,47,47.0,3008,6400,0,15598,3.8995,2,60,"[Trickle] Standard Long_Life"
19:45:15,1,Charging,47,47.0,3008,6400,0,15598,3.8995,2,60,"[Trickle] Standard Long_Life"
19:45:45,1,Charging,47,47.0,3008,6400,0,15598,3.8995,2,60,"[Trickle] Standard Long_Life"
19:46:15,1,Charging,47,47.0,3008,6400,0,15575,3.8937,2,60,"[Trickle] Standard Long_Life"
19:46:45,1,Charging,47,47.0,3008,6400,0,15575,3.8937,2,60,"[Trickle] Standard Long_Life"
19:47:15,1,Charging,47,47.0,3008,6400,0,15575,3.8937,2,60,"[Trickle] Standard Long_Life"
19:47:45,1,Charging,47,47.0,3008,6400,0,15575,3.8937,2,60,"[Trickle] Standard Long_Life"
19:48:15,1,Charging,47,47.0,3008,6400,0,15575,3.8937,2,60,"[Trickle] Standard Long_Life"
19:48:45,1,Charging,47,47.0,3008,6400,0,15575,3.8937,2,60,"[Trickle] Standard Long_Life"
19:49:15,1,Charging,47,47.0,3008,6400,0,15575,3.8937,2,60,"[Trickle] Standard Long_Life"
19:49:45,1,Charging,47,47.0,3008,6400,0,15575,3.8937,2,60,"[Trickle] Standard Long_Life"
19:50:15,1,Charging,47,47.0,3008,6400,0,15552,3.888,2,60,"[Trickle] Standard Long_Life"
19:50:45,1,Charging,47,47.0,3008,6400,0,15552,3.888,2,60,"[Trickle] Standard Long_Life"
19:51:15,1,Charging,47,47.0,3008,6400,0,15552,3.888,2,60,"[Trickle] Standard Long_Life"
19:51:45,1,Charging,47,47.0,3008,6400,0,15575,3.8937,2,60,"[Trickle] Standard Long_Life"
19:52:15,1,Charging,47,47.0,3008,6400,0,15552,3.888,2,60,"[Trickle] Standard Long_Life"
19:52:45,1,Charging,47,47.0,3008,6400,0,15552,3.888,2,60,"[Trickle] Standard Long_Life"
19:53:15,1,Charging,47,47.0,3008,6400,0,15552,3.888,2,60,"[Trickle] Standard Long_Life"
19:53:45,1,Charging,47,47.0,3008,6400,0,15552,3.888,2,60,"[Trickle] Standard Long_Life"
19:54:15,1,Charging,47,47.0,3008,6400,0,15552,3.888,2,80,"[Trickle] Standard Long_Life"
19:54:45,1,Charging,47,47.0,3008,6400,0,15552,3.888,2,80,"[Trickle] Standard Long_Life"
19:55:15,1,Charging,47,47.0,3008,6400,0,15552,3.888,2,80,"[Trickle] Standard Long_Life"
19:55:45,1,Charging,47,47.0,3008,6400,5814,16396,4.099,2,80,"[Trickle] Standard Long_Life"
19:56:15,1,Charging,48,48.0,3072,6400,4964,16537,4.1342,2,80,"[Trickle] Standard Long_Life"
19:56:45,1,Charging,48,48.0,3072,6400,1972,16091,4.0228,2,80,"[Trickle] Standard Long_Life"
19:57:15,1,Charging,49,49.0,3136,6400,4862,16537,4.1342,2,80,"[Trickle] Standard Long_Life"
19:57:45,1,Charging,49,49.0,3136,6400,4590,16537,4.1342,2,80,"[Trickle] Standard Long_Life"
19:58:15,1,Charging,50,50.0,3200,6400,4454,16537,4.1342,2,80,"[Trickle] Standard Long_Life"
19:58:45,1,Charging,51,51.0,3264,6400,4386,16537,4.1342,2,80,"[Trickle] Standard Long_Life"
19:59:15,1,Charging,51,51.0,3264,6400,4284,16537,4.1342,2,80,"[Trickle] Standard Long_Life"
19:59:45,1,Charging,52,52.0,3328,6400,4216,16537,4.1342,2,80,"[Trickle] Standard Long_Life"
20:00:15,1,Charging,52,52.0,3328,6400,4148,16537,4.1342,2,80,"[Trickle] Standard Long_Life"
20:00:45,1,Charging,53,53.0,3392,6400,4080,16537,4.1342,2,80,"[Trickle] Standard Long_Life"
20:01:15,1,Charging,53,53.0,3392,6400,4012,16537,4.1342,2,80,"[Trickle] Standard Long_Life"
20:01:45,1,Charging,54,54.0,3456,6400,3910,16537,4.1342,2,80,"[Trickle] Standard Long_Life"
20:02:15,1,Charging,54,54.0,3456,6400,3842,16537,4.1342,2,80,"[Trickle] Standard Long_Life"
20:02:45,1,Charging,55,55.0,3520,6400,3774,16537,4.1342,2,80,"[Trickle] Standard Long_Life"
20:03:15,1,Charging,55,55.0,3520,6400,3672,16537,4.1342,2,80,"[Trickle] Standard Long_Life"
20:03:45,1,Charging,56,56.0,3584,6400,3638,16537,4.1342,2,80,"[Trickle] Standard Long_Life"
20:04:15,1,Charging,56,56.0,3584,6400,3536,16537,4.1342,2,80,"[Trickle] Standard Long_Life"
20:04:45,1,Charging,57,57.0,3648,6400,3468,16537,4.1342,2,80,"[Trickle] Standard Long_Life"
20:05:15,1,Charging,57,57.0,3648,6400,3400,16560,4.14,2,80,"[Trickle] Standard Long_Life"
20:05:45,1,Charging,58,58.0,3712,6400,3332,16560,4.14,2,80,"[Trickle] Standard Long_Life"
20:06:15,1,Charging,58,58.0,3712,6400,3264,16537,4.1342,2,80,"[Trickle] Standard Long_Life"
20:06:45,1,Charging,58,58.0,3712,6400,3196,16537,4.1342,2,80,"[Trickle] Standard Long_Life"
20:07:15,1,Charging,59,59.0,3776,6400,3128,16537,4.1342,2,80,"[Trickle] Standard Long_Life"
20:07:45,1,Charging,59,59.0,3776,6400,3026,16537,4.1342,2,80,"[Trickle] Standard Long_Life"
20:08:15,1,Charging,60,60.0,3840,6400,2992,16537,4.1342,2,80,"[Trickle] Standard Long_Life"
20:08:45,1,Charging,60,60.0,3840,6400,2924,16537,4.1342,2,80,"[Trickle] Standard Long_Life"
20:09:15,1,Charging,60,60.0,3840,6400,2856,16537,4.1342,2,80,"[Trickle] Standard Long_Life"
20:09:45,1,Charging,61,61.0,3904,6400,2788,16560,4.14,2,80,"[Trickle] Standard Long_Life"
20:10:15,1,Charging,61,61.0,3904,6400,2720,16560,4.14,2,80,"[Trickle] Standard Long_Life"
20:10:45,1,Charging,62,62.0,3968,6400,3264,16654,4.1635,2,80,"[Trickle] Standard Long_Life"
20:11:15,1,Charging,62,62.0,3968,6400,3162,16654,4.1635,2,80,"[Trickle] Standard Long_Life"
20:11:45,1,Charging,62,62.0,3968,6400,3060,16654,4.1635,2,80,"[Trickle] Standard Long_Life"
20:12:15,1,Charging,63,63.0,4032,6400,2992,16677,4.1692,2,80,"[Trickle] Standard Long_Life"
20:12:45,1,Charging,63,63.0,4032,6400,2924,16677,4.1692,2,80,"[Trickle] Standard Long_Life"
20:13:15,1,Charging,64,64.0,4096,6400,2856,16677,4.1692,2,80,"[Trickle] Standard Long_Life"
20:13:45,1,Charging,64,64.0,4096,6400,2788,16677,4.1692,2,80,"[Trickle] Standard Long_Life"
20:14:15,1,Charging,64,64.0,4096,6400,2720,16677,4.1692,2,80,"[Trickle] Standard Long_Life"
20:14:45,1,Charging,65,65.0,4160,6400,2652,16677,4.1692,2,80,"[Trickle] Standard Long_Life"
20:15:15,1,Charging,65,65.0,4160,6400,2584,16677,4.1692,2,80,"[Trickle] Standard Long_Life"
20:15:45,1,Charging,65,65.0,4160,6400,2516,16677,4.1692,2,80,"[Trickle] Standard Long_Life"
20:16:15,1,Charging,66,66.0,4224,6400,2448,16677,4.1692,2,80,"[Trickle] Standard Long_Life"
20:16:45,1,Charging,66,66.0,4224,6400,2380,16677,4.1692,2,80,"[Trickle] Standard Long_Life"
20:17:15,1,Charging,66,66.0,4224,6400,2346,16677,4.1692,2,80,"[Trickle] Standard Long_Life"
20:17:45,1,Charging,67,67.0,4288,6400,2278,16677,4.1692,2,80,"[Trickle] Standard Long_Life"
20:18:15,1,Charging,67,67.0,4288,6400,2176,16677,4.1692,2,80,"[Trickle] Standard Long_Life"
20:18:45,1,Charging,67,67.0,4288,6400,2142,16677,4.1692,2,80,"[Trickle] Standard Long_Life"
20:19:15,1,Charging,67,67.0,4288,6400,2074,16677,4.1692,2,80,"[Trickle] Standard Long_Life"
20:19:45,1,Charging,68,68.0,4352,6400,2040,16701,4.1753,2,80,"[Trickle] Standard Long_Life"
20:20:15,1,Charging,68,68.0,4352,6400,1972,16701,4.1753,2,80,"[Trickle] Standard Long_Life"
20:20:45,1,Charging,68,68.0,4352,6400,1938,16677,4.1692,2,80,"[Trickle] Standard Long_Life"
20:21:15,1,Charging,68,68.0,4352,6400,1870,16677,4.1692,2,80,"[Trickle] Standard Long_Life"
20:21:45,1,Charging,69,69.0,4416,6400,1802,16677,4.1692,2,80,"[Trickle] Standard Long_Life"
20:22:15,1,Charging,69,69.0,4416,6400,1768,16701,4.1753,2,80,"[Trickle] Standard Long_Life"
20:22:45,1,Charging,69,69.0,4416,6400,1734,16677,4.1692,2,80,"[Trickle] Standard Long_Life"
20:23:15,1,Charging,69,69.0,4416,6400,1666,16701,4.1753,2,80,"[Trickle] Standard Long_Life"
20:23:45,1,Charging,70,70.0,4480,6400,1632,16701,4.1753,2,80,"[Trickle] Standard Long_Life"
20:24:15,1,Charging,70,70.0,4480,6400,1598,16701,4.1753,2,80,"[Trickle] Standard Long_Life"
20:24:45,1,Charging,70,70.0,4480,6400,1564,16701,4.1753,2,80,"[Trickle] Standard Long_Life"
20:25:15,1,Charging,70,70.0,4480,6400,1496,16701,4.1753,2,80,"[Trickle] Standard Long_Life"
20:25:45,1,Charging,70,70.0,4480,6400,1462,16701,4.1753,2,80,"[Trickle] Standard Long_Life"
20:26:15,1,Charging,71,71.0,4544,6400,1428,16701,4.1753,2,80,"[Trickle] Standard Long_Life"
20:26:45,1,Charging,71,71.0,4544,6400,1394,16701,4.1753,2,80,"[Trickle] Standard Long_Life"
20:27:15,1,Charging,71,71.0,4544,6400,1360,16701,4.1753,2,80,"[Trickle] Standard Long_Life"
20:27:45,1,Charging,71,71.0,4544,6400,1326,16701,4.1753,2,80,"[Trickle] Standard Long_Life"
20:28:15,1,Charging,71,71.0,4544,6400,1292,16701,4.1753,2,80,"[Trickle] Standard Long_Life"
20:28:45,1,Charging,71,71.0,4544,6400,1258,16701,4.1753,2,80,"[Trickle] Standard Long_Life"
20:29:15,1,Charging,72,72.0,4608,6400,1224,16701,4.1753,2,80,"[Trickle] Standard Long_Life"
20:29:45,1,Charging,72,72.0,4608,6400,1190,16701,4.1753,2,80,"[Trickle] Standard Long_Life"
20:30:15,1,Charging,72,72.0,4608,6400,1156,16701,4.1753,2,80,"[Trickle] Standard Long_Life"
20:30:45,1,Charging,72,72.0,4608,6400,1122,16701,4.1753,2,80,"[Trickle] Standard Long_Life"
20:31:15,1,Charging,72,72.0,4608,6400,1088,16701,4.1753,2,80,"[Trickle] Standard Long_Life"
20:31:45,1,Charging,72,72.0,4608,6400,1054,16701,4.1753,2,80,"[Trickle] Standard Long_Life"
20:32:15,1,Charging,72,72.0,4608,6400,1020,16701,4.1753,2,80,"[Trickle] Standard Long_Life"
20:32:45,1,Charging,73,73.0,4672,6400,986,16701,4.1753,2,80,"[Trickle] Standard Long_Life"
20:33:15,1,Charging,73,73.0,4672,6400,952,16701,4.1753,2,80,"[Trickle] Standard Long_Life"
20:33:45,1,Charging,73,73.0,4672,6400,952,16701,4.1753,2,80,"[Trickle] Standard Long_Life"
20:34:15,1,Charging,73,73.0,4672,6400,918,16701,4.1753,2,80,"[Trickle] Standard Long_Life"
20:34:45,1,Charging,73,73.0,4672,6400,918,16701,4.1753,2,80,"[Trickle] Standard Long_Life"
20:35:15,1,Charging,73,73.0,4672,6400,850,16701,4.1753,2,80,"[Trickle] Standard Long_Life"
20:35:45,1,Charging,73,73.0,4672,6400,850,16701,4.1753,2,80,"[Trickle] Standard Long_Life"
20:36:15,1,Charging,73,73.0,4672,6400,816,16701,4.1753,2,80,"[Trickle] Standard Long_Life"
20:36:45,1,Charging,73,73.0,4672,6400,816,16701,4.1753,2,80,"[Trickle] Standard Long_Life"
20:37:15,1,Charging,74,74.0,4736,6400,782,16701,4.1753,2,80,"[Trickle] Standard Long_Life"
20:37:45,1,Charging,74,74.0,4736,6400,782,16701,4.1753,2,80,"[Trickle] Standard Long_Life"
20:38:15,1,Charging,74,74.0,4736,6400,748,16701,4.1753,2,80,"[Trickle] Standard Long_Life"
20:38:45,1,Charging,74,74.0,4736,6400,748,16701,4.1753,2,80,"[Trickle] Standard Long_Life"
20:39:15,1,Charging,74,74.0,4736,6400,714,16701,4.1753,2,80,"[Trickle] Standard Long_Life"
20:39:45,1,Charging,74,74.0,4736,6400,680,16701,4.1753,2,80,"[Trickle] Standard Long_Life"
20:40:15,1,Charging,74,74.0,4736,6400,680,16701,4.1753,2,80,"[Trickle] Standard Long_Life"
20:40:45,1,Charging,74,74.0,4736,6400,646,16701,4.1753,2,80,"[Trickle] Standard Long_Life"
20:41:15,1,Charging,74,74.0,4736,6400,646,16701,4.1753,2,80,"[Trickle] Standard Long_Life"
20:41:45,1,Charging,74,74.0,4736,6400,612,16701,4.1753,2,80,"[Trickle] Standard Long_Life"
20:42:15,1,Charging,74,74.0,4736,6400,612,16701,4.1753,2,80,"[Trickle] Standard Long_Life"
20:42:45,1,Charging,75,75.0,4800,6400,578,16701,4.1753,2,80,"[Trickle] Standard Long_Life"
20:43:15,1,Charging,75,75.0,4800,6400,578,16701,4.1753,2,80,"[Trickle] Standard Long_Life"
20:43:45,1,Charging,75,75.0,4800,6400,578,16701,4.1753,2,80,"[Trickle] Standard Long_Life"
20:44:15,1,Charging,75,75.0,4800,6400,544,16701,4.1753,2,80,"[Trickle] Standard Long_Life"
20:44:45,1,Charging,75,75.0,4800,6400,544,16701,4.1753,2,80,"[Trickle] Standard Long_Life"
20:45:15,1,Charging,75,75.0,4800,6400,544,16701,4.1753,2,80,"[Trickle] Standard Long_Life"
20:45:45,1,Charging,75,75.0,4800,6400,510,16701,4.1753,2,80,"[Trickle] Standard Long_Life"
20:46:15,1,Charging,75,75.0,4800,6400,510,16701,4.1753,2,80,"[Trickle] Standard Long_Life"
20:46:45,1,Charging,75,75.0,4800,6400,476,16701,4.1753,2,80,"[Trickle] Standard Long_Life"
20:47:15,1,Charging,75,75.0,4800,6400,476,16701,4.1753,2,80,"[Trickle] Standard Long_Life"
20:47:45,1,Charging,75,75.0,4800,6400,476,16701,4.1753,2,80,"[Trickle] Standard Long_Life"
20:48:15,1,Charging,75,75.0,4800,6400,442,16701,4.1753,2,80,"[Trickle] Standard Long_Life"
20:48:45,1,Charging,75,75.0,4800,6400,442,16701,4.1753,2,80,"[Trickle] Standard Long_Life"
20:49:15,1,Charging,75,75.0,4800,6400,442,16701,4.1753,2,80,"[Trickle] Standard Long_Life"
20:49:45,1,Charging,75,75.0,4800,6400,442,16701,4.1753,2,80,"[Trickle] Standard Long_Life"
20:50:15,1,Charging,76,76.0,4864,6400,408,16701,4.1753,2,80,"[Trickle] Standard Long_Life"
20:50:45,1,Charging,76,76.0,4864,6400,408,16701,4.1753,2,80,"[Trickle] Standard Long_Life"
20:51:15,1,Charging,76,76.0,4864,6400,374,16701,4.1753,2,80,"[Trickle] Standard Long_Life"
20:51:45,1,Charging,76,76.0,4864,6400,374,16701,4.1753,2,80,"[Trickle] Standard Long_Life"
20:52:15,1,Charging,76,76.0,4864,6400,374,16701,4.1753,2,80,"[Trickle] Standard Long_Life"
20:52:45,1,Charging,76,76.0,4864,6400,374,16724,4.181,2,80,"[Trickle] Standard Long_Life"
20:53:15,1,Charging,76,76.0,4864,6400,374,16701,4.1753,2,80,"[Trickle] Standard Long_Life"
20:53:45,1,Charging,76,76.0,4864,6400,340,16724,4.181,2,80,"[Trickle] Standard Long_Life"
20:54:15,1,Charging,76,76.0,4864,6400,340,16701,4.1753,2,80,"[Trickle] Standard Long_Life"
20:54:45,1,Charging,76,76.0,4864,6400,340,16701,4.1753,2,80,"[Trickle] Standard Long_Life"
20:55:15,1,Charging,76,76.0,4864,6400,306,16724,4.181,2,80,"[Trickle] Standard Long_Life"
20:55:45,1,Charging,76,76.0,4864,6400,306,16701,4.1753,2,80,"[Trickle] Standard Long_Life"
20:56:15,1,Charging,76,76.0,4864,6400,306,16724,4.181,2,80,"[Trickle] Standard Long_Life"
20:56:45,1,Charging,76,76.0,4864,6400,306,16724,4.181,2,80,"[Trickle] Standard Long_Life"
20:57:15,1,Charging,76,76.0,4864,6400,306,16724,4.181,2,80,"[Trickle] Standard Long_Life"
20:57:45,1,Charging,76,76.0,4864,6400,306,16724,4.181,2,80,"[Trickle] Standard Long_Life"
20:58:15,1,Charging,76,76.0,4864,6400,272,16724,4.181,2,80,"[Trickle] Standard Long_Life"
20:58:45,1,Charging,76,76.0,4864,6400,272,16724,4.181,2,80,"[Trickle] Standard Long_Life"
20:59:15,1,Charging,76,76.0,4864,6400,272,16724,4.181,2,80,"[Trickle] Standard Long_Life"
20:59:45,1,Charging,76,76.0,4864,6400,272,16724,4.181,2,80,"[Trickle] Standard Long_Life"
21:00:15,1,Charging,76,76.0,4864,6400,272,16724,4.181,2,80,"[Trickle] Standard Long_Life"
21:00:45,1,Charging,76,76.0,4864,6400,272,16724,4.181,2,80,"[Trickle] Standard Long_Life"
21:01:15,1,Charging,77,77.0,4928,6400,0,16677,4.1692,2,80,"[Trickle] Standard Long_Life"
21:01:45,1,Charging,80,80.0,5120,6400,0,16677,4.1692,2,80,"[Trickle] Standard Long_Life"
21:02:15,1,Charging,81,81.0,5184,6400,0,16677,4.1692,2,80,"[Trickle] Standard Long_Life"
21:02:45,1,Charging,83,83.0,5312,6400,0,16677,4.1692,2,80,"[Trickle] Standard Long_Life"
21:03:15,1,Charging,85,85.0,5440,6400,0,16677,4.1692,2,80,"[Trickle] Standard Long_Life"
21:03:45,1,Charging,87,87.0,5568,6400,0,16654,4.1635,2,80,"[Trickle] Standard Long_Life"
21:04:15,1,Charging,89,89.0,5696,6400,0,16677,4.1692,2,80,"[Trickle] Standard Long_Life"
21:04:45,1,Charging,91,91.0,5824,6400,0,16654,4.1635,2,80,"[Trickle] Standard Long_Life"
21:05:15,1,Charging,93,93.0,5952,6400,0,16677,4.1692,2,80,"[Trickle] Standard Long_Life"
21:05:45,1,Charging,95,95.0,6080,6400,0,16654,4.1635,2,80,"[Trickle] Standard Long_Life"
21:06:15,1,Charging,97,97.0,6208,6400,0,16654,4.1635,2,80,"[Trickle] Standard Long_Life"
21:06:45,1,Charging,99,99.0,6336,6400,0,16654,4.1635,2,80,"[Trickle] Standard Long_Life"
21:07:15,1,Not charging,100,100.0,6400,6400,0,16677,4.1692,2,80,"[Trickle] Standard Long_Life"
21:07:45,1,Not charging,100,100.0,6400,6400,0,16654,4.1635,2,80,"[Trickle] Standard Long_Life"
21:08:15,1,Not charging,100,100.0,6400,6400,0,16654,4.1635,2,80,"[Trickle] Standard Long_Life"
21:08:45,1,Not charging,100,100.0,6400,6400,0,16654,4.1635,2,80,"[Trickle] Standard Long_Life"
21:09:15,1,Not charging,100,100.0,6400,6400,0,16654,4.1635,2,80,"[Trickle] Standard Long_Life"
21:09:45,1,Not charging,100,100.0,6400,6400,0,16654,4.1635,2,80,"[Trickle] Standard Long_Life"
21:10:15,1,Not charging,100,100.0,6400,6400,0,16654,4.1635,2,80,"[Trickle] Standard Long_Life"
21:10:45,1,Not charging,100,100.0,6400,6400,0,16654,4.1635,2,80,"[Trickle] Standard Long_Life"
21:11:15,1,Not charging,100,100.0,6400,6400,0,16654,4.1635,2,80,"[Trickle] Standard Long_Life"
21:11:45,1,Not charging,100,100.0,6400,6400,0,16654,4.1635,2,80,"[Trickle] Standard Long_Life"
21:12:15,1,Not charging,100,100.0,6400,6400,0,16654,4.1635,2,80,"[Trickle] Standard Long_Life"
21:12:45,1,Not charging,100,100.0,6400,6400,0,16654,4.1635,2,80,"[Trickle] Standard Long_Life"
21:13:15,1,Not charging,100,100.0,6400,6400,0,16654,4.1635,2,80,"[Trickle] Standard Long_Life"
21:13:45,1,Not charging,100,100.0,6400,6400,0,16654,4.1635,2,80,"[Trickle] Standard Long_Life"
21:14:15,1,Not charging,100,100.0,6400,6400,0,16654,4.1635,2,80,"[Trickle] Standard Long_Life"
21:14:45,1,Not charging,100,100.0,6400,6400,0,16654,4.1635,2,80,"[Trickle] Standard Long_Life"
21:15:15,1,Not charging,100,100.0,6400,6400,0,16654,4.1635,2,80,"[Trickle] Standard Long_Life"
21:15:45,1,Not charging,100,100.0,6400,6400,0,16654,4.1635,2,80,"[Trickle] Standard Long_Life"
21:16:15,1,Not charging,100,100.0,6400,6400,0,16654,4.1635,2,80,"[Trickle] Standard Long_Life"
21:16:45,1,Not charging,100,100.0,6400,6400,0,16654,4.1635,2,80,"[Trickle] Standard Long_Life"
21:17:15,1,Not charging,100,100.0,6400,6400,0,16654,4.1635,2,80,"[Trickle] Standard Long_Life"
21:17:45,1,Not charging,100,100.0,6400,6400,0,16654,4.1635,2,80,"[Trickle] Standard Long_Life"
21:18:15,1,Not charging,100,100.0,6400,6400,0,16654,4.1635,2,80,"[Trickle] Standard Long_Life"
21:18:45,1,Not charging,100,100.0,6400,6400,0,16654,4.1635,2,80,"[Trickle] Standard Long_Life"
21:19:15,1,Not charging,100,100.0,6400,6400,0,16654,4.1635,2,80,"[Trickle] Standard Long_Life"
21:19:45,1,Not charging,100,100.0,6400,6400,0,16654,4.1635,2,80,"[Trickle] Standard Long_Life"
21:20:15,1,Not charging,100,100.0,6400,6400,0,16654,4.1635,2,80,"[Trickle] Standard Long_Life"
21:20:45,1,Not charging,100,100.0,6400,6400,0,16654,4.1635,2,80,"[Trickle] Standard Long_Life"
21:21:15,1,Not charging,100,100.0,6400,6400,0,16654,4.1635,2,80,"[Trickle] Standard Long_Life"
21:21:45,1,Not charging,100,100.0,6400,6400,0,16654,4.1635,2,80,"[Trickle] Standard Long_Life"
21:22:15,1,Not charging,100,100.0,6400,6400,0,16677,4.1692,2,80,"[Trickle] Standard Long_Life"
21:22:45,1,Not charging,100,100.0,6400,6400,0,16677,4.1692,2,80,"[Trickle] Standard Long_Life"
21:23:15,1,Not charging,100,100.0,6400,6400,0,16654,4.1635,2,80,"[Trickle] Standard Long_Life"
