t,phase,ac,status,capacity,charge_now,charge_full,charge_full_design,cycle_count,current_ma,voltage_uv,v_per_cell,profile,threshold,reached,oem6,erm_reached,full_24h,gate,gate_armed,romid0,ap_oem,manual_fan_ctrl,support5,ran,batt_status,guard0,guard2,charge_limit_mode
2026-09-28T16:32:25,stationary,1,Not charging,100,5800000,5800000,6400000,0,0,16654000,4.1635,2,80,0,0x04,0,0,0x0D,0,0xFF,0x01,1,0x22,0,0x07,1,1,0x45
2026-09-28T16:32:30,stationary,1,Not charging,100,5800000,5800000,6400000,0,0,16654000,4.1635,2,80,0,0x04,0,0,0x0D,0,0xFF,0x01,1,0x22,0,0x07,1,1,0x45
2026-09-28T16:32:35,stationary,1,Not charging,100,5800000,5800000,6400000,0,0,16654000,4.1635,2,80,0,0x04,0,0,0x0D,0,0xFF,0x01,1,0x22,0,0x07,1,1,0x45
2026-09-28T16:32:40,stationary,1,Not charging,100,5800000,5800000,6400000,0,0,16654000,4.1635,2,80,0,0x04,0,0,0x0D,0,0xFF,0x01,1,0x22,0,0x07,1,1,0x45
2026-09-28T16:41:38,wait_ac,0,Discharging,89,5162000,5800000,6400000,0,4659,14936000,3.734,2,80,0,0x04,0,0,16800,34885,0x0D,0,0xFF,0x01,1,0x22,0,0x06,0,1,0x45
2026-09-28T16:41:43,wait_ac,0,Discharging,89,5162000,5800000,6400000,0,4829,14967000,3.7418,2,80,0,0x04,0,0,16800,34885,0x0D,0,0xFF,0x01,1,0x22,0,0x06,0,1,0x45
2026-09-28T16:41:48,wait_ac,0,Discharging,89,5162000,5800000,6400000,0,4897,14919000,3.7298,2,80,0,0x04,0,0,16800,34885,0x0D,0,0xFF,0x01,1,0x22,0,0x06,0,1,0x45
2026-09-28T16:41:53,wait_ac,0,Discharging,89,5162000,5800000,6400000,0,4659,14967000,3.7418,2,80,0,0x04,0,0,16800,34885,0x0D,0,0xFF,0x01,1,0x22,0,0x06,0,1,0x45
2026-09-28T16:41:58,wait_ac,0,Discharging,89,5162000,5800000,6400000,0,4795,14962000,3.7405,2,80,0,0x04,0,0,16800,34885,0x0D,0,0xFF,0x01,1,0x22,0,0x06,0,1,0x45
2026-09-28T16:42:03,wait_ac,0,Discharging,89,5162000,5800000,6400000,0,4999,14927000,3.7317,2,80,0,0x04,0,0,16800,34885,0x0D,0,0xFF,0x01,1,0x22,0,0x06,0,1,0x45
2026-09-28T16:42:08,wait_ac,0,Discharging,88,5104000,5800000,6400000,0,4693,14933000,3.7332,2,80,0,0x04,0,0,16800,34885,0x0D,0,0xFF,0x01,1,0x22,0,0x06,0,1,0x45
2026-09-28T16:42:13,wait_ac,0,Discharging,88,5104000,5800000,6400000,0,4795,14964000,3.741,2,80,0,0x04,0,0,16800,34885,0x0D,0,0xFF,0x01,1,0x22,0,0x06,0,1,0x45
2026-09-28T16:42:19,wait_ac,0,Discharging,88,5104000,5800000,6400000,0,4829,14900000,3.725,2,80,0,0x04,0,0,16800,34885,0x0D,0,0xFF,0x01,1,0x22,0,0x06,0,1,0x45
2026-09-28T16:42:24,wait_ac,0,Discharging,88,5104000,5800000,6400000,0,4829,14924000,3.731,2,80,0,0x04,0,0,16800,34885,0x0D,0,0xFF,0x01,1,0x22,0,0x06,0,1,0x45
2026-09-28T16:42:29,wait_ac,0,Discharging,88,5104000,5800000,6400000,0,4693,14945000,3.7363,2,80,0,0x04,0,0,16800,34885,0x0D,0,0xFF,0x01,1,0x22,0,0x06,0,1,0x45
2026-09-28T16:42:34,wait_ac,0,Discharging,88,5104000,5800000,6400000,0,4999,14896000,3.724,2,80,0,0x04,0,0,16800,34885,0x0D,0,0xFF,0x01,1,0x22,0,0x06,0,1,0x45
2026-09-28T16:42:39,wait_ac,0,Discharging,88,5104000,5800000,6400000,0,4795,14864000,3.716,2,80,0,0x04,0,0,16800,34885,0x0D,0,0xFF,0x01,1,0x22,0,0x06,0,1,0x45
2026-09-28T16:42:44,wait_ac,0,Discharging,88,5104000,5800000,6400000,0,4795,14910000,3.7275,2,80,0,0x04,0,0,16800,34885,0x0D,0,0xFF,0x01,1,0x22,0,0x06,0,1,0x45
2026-09-28T16:42:49,wait_ac,0,Discharging,87,5046000,5800000,6400000,0,4557,14921000,3.7302,2,80,0,0x04,0,0,16800,34885,0x0D,0,0xFF,0x01,1,0x22,0,0x06,0,1,0x45
2026-09-28T16:42:54,wait_ac,0,Discharging,87,5046000,5800000,6400000,0,4897,14888000,3.722,2,80,0,0x04,0,0,16800,34885,0x0D,0,0xFF,0x01,1,0x22,0,0x06,0,1,0x45
2026-09-28T16:42:59,wait_ac,0,Discharging,87,5046000,5800000,6400000,0,4863,14888000,3.722,2,80,0,0x04,0,0,16800,34885,0x0D,0,0xFF,0x01,1,0x22,0,0x06,0,1,0x45
