t,phase,ac,status,capacity,charge_now,charge_full,charge_full_design,cycle_count,current_ma,voltage_uv,v_per_cell,profile,threshold,reached,oem6,erm_reached,full_24h,chg_target,hw_base,gate,gate_armed,romid0,ap_oem,manual_fan_ctrl,support5,ran,batt_status,guard0,guard2,charge_limit_mode
2026-09-28T16:43:08,wait_ac,0,Discharging,87,5046000,5800000,6400000,0,4965,14883000,3.7207,2,80,0,0x04,0,0,16800,34885,0x0D,0,0xFF,0x01,1,0x22,0,0x06,0,1,0x45
2026-09-28T16:43:13,wait_ac,0,Discharging,87,5046000,5800000,6400000,0,4727,14867000,3.7168,2,80,0,0x04,0,0,16800,34885,0x0D,0,0xFF,0x01,1,0x22,0,0x06,0,1,0x45
2026-09-28T16:43:18,wait_ac,0,Discharging,87,5046000,5800000,6400000,0,4965,14815000,3.7037,2,80,0,0x04,0,0,16800,34885,0x0D,0,0xFF,0x01,1,0x22,0,0x06,0,1,0x45
2026-09-28T16:43:23,wait_ac,0,Discharging,87,5046000,5800000,6400000,0,4795,14853000,3.7132,2,80,0,0x04,0,0,16800,34885,0x0D,0,0xFF,0x01,1,0x22,0,0x06,0,1,0x45
2026-09-28T16:43:28,wait_ac,0,Discharging,87,5046000,5800000,6400000,0,4081,14883000,3.7207,2,80,0,0x04,0,0,16800,34885,0x0D,0,0xFF,0x01,1,0x22,0,0x06,0,1,0x45
2026-09-28T16:43:33,wait_ac,0,Discharging,86,4988000,5800000,6400000,0,4727,14910000,3.7275,2,80,0,0x04,0,0,16800,34885,0x0D,0,0xFF,0x01,1,0x22,0,0x06,0,1,0x45
2026-09-28T16:43:38,wait_ac,0,Discharging,86,4988000,5800000,6400000,0,4693,14896000,3.724,2,80,0,0x04,0,0,16800,34885,0x0D,0,0xFF,0x01,1,0x22,0,0x06,0,1,0x45
2026-09-28T16:43:43,wait_ac,0,Discharging,86,4988000,5800000,6400000,0,4795,14865000,3.7163,2,80,0,0x04,0,0,16800,34885,0x0D,0,0xFF,0x01,1,0x22,0,0x06,0,1,0x45
2026-09-28T16:43:48,wait_ac,0,Discharging,86,4988000,5800000,6400000,0,4625,14860000,3.715,2,80,0,0x04,0,0,16800,34885,0x0D,0,0xFF,0x01,1,0x22,0,0x06,0,1,0x45
2026-09-28T16:43:53,wait_ac,0,Discharging,86,4988000,5800000,6400000,0,4659,14860000,3.715,2,80,0,0x04,0,0,16800,34885,0x0D,0,0xFF,0x01,1,0x22,0,0x06,0,1,0x45
2026-09-28T16:43:58,wait_ac,0,Discharging,86,4988000,5800000,6400000,0,4659,14860000,3.715,2,80,0,0x04,0,0,16800,34885,0x0D,0,0xFF,0x01,1,0x22,0,0x06,0,1,0x45
2026-09-28T16:44:04,wait_ac,0,Discharging,86,4988000,5800000,6400000,0,4693,14883000,3.7207,2,80,0,0x04,0,0,16800,34885,0x0D,0,0xFF,0x01,1,0x22,0,0x06,0,1,0x45
2026-09-28T16:44:09,wait_ac,0,Discharging,86,4988000,5800000,6400000,0,4727,14862000,3.7155,2,80,0,0x04,0,0,16800,34885,0x0D,0,0xFF,0x01,1,0x22,0,0x06,0,1,0x45
2026-09-28T16:44:14,wait_ac,0,Discharging,86,4988000,5800000,6400000,0,4829,14883000,3.7207,2,80,0,0x04,0,0,16800,34885,0x0D,0,0xFF,0x01,1,0x22,0,0x06,0,1,0x45
2026-09-28T16:44:19,wait_ac,0,Discharging,85,4930000,5800000,6400000,0,4693,14843000,3.7107,2,80,0,0x04,0,0,16800,34885,0x0D,0,0xFF,0x01,1,0x22,0,0x06,0,1,0x45
2026-09-28T16:44:24,wait_ac,0,Discharging,85,4930000,5800000,6400000,0,4693,14827000,3.7067,2,80,0,0x04,0,0,16800,34885,0x0D,0,0xFF,0x01,1,0x22,0,0x06,0,1,0x45
2026-09-28T16:44:29,wait_ac,0,Discharging,85,4930000,5800000,6400000,0,4523,14838000,3.7095,2,80,0,0x04,0,0,16800,34885,0x0D,0,0xFF,0x01,1,0x22,0,0x06,0,1,0x45
2026-09-28T16:44:34,wait_ac,0,Discharging,85,4930000,5800000,6400000,0,4727,14838000,3.7095,2,80,0,0x04,0,0,16800,34885,0x0D,0,0xFF,0x01,1,0x22,0,0x06,0,1,0x45
2026-09-28T16:44:39,wait_ac,0,Discharging,85,4930000,5800000,6400000,0,4795,14833000,3.7083,2,80,0,0x04,0,0,16800,34885,0x0D,0,0xFF,0x01,1,0x22,0,0x06,0,1,0x45
2026-09-28T16:44:44,wait_ac,0,Discharging,85,4930000,5800000,6400000,0,4897,14848000,3.712,2,80,0,0x04,0,0,16800,34885,0x0D,0,0xFF,0x01,1,0x22,0,0x06,0,1,0x45
2026-09-28T16:44:49,wait_ac,0,Discharging,85,4930000,5800000,6400000,0,4727,14824000,3.706,2,80,0,0x04,0,0,16800,34885,0x0D,0,0xFF,0x01,1,0x22,0,0x06,0,1,0x45
2026-09-28T16:44:54,wait_ac,0,Discharging,85,4930000,5800000,6400000,0,4897,14822000,3.7055,2,80,0,0x04,0,0,16800,34885,0x0D,0,0xFF,0x01,1,0x22,0,0x06,0,1,0x45
2026-09-28T16:44:59,wait_ac,0,Discharging,85,4930000,5800000,6400000,0,5747,14801000,3.7003,2,80,0,0x04,0,0,16800,34885,0x0D,0,0xFF,0x01,1,0x22,0,0x06,0,1,0x45
2026-09-28T16:45:04,wait_ac,0,Discharging,84,4872000,5800000,6400000,0,5101,14743000,3.6858,2,80,0,0x04,0,0,16800,34885,0x0D,0,0xFF,0x01,1,0x22,0,0x06,0,1,0x45
2026-09-28T16:45:10,wait_ac,0,Discharging,84,4872000,5800000,6400000,0,4761,14772000,3.693,2,80,0,0x04,0,0,16800,34885,0x0D,0,0xFF,0x01,1,0x22,0,0x06,0,1,0x45
2026-09-28T16:45:15,wait_ac,0,Discharging,84,4872000,5800000,6400000,0,4863,14791000,3.6978,2,80,0,0x04,0,0,16800,34885,0x0D,0,0xFF,0x01,1,0x22,0,0x06,0,1,0x45
2026-09-28T16:45:20,wait_ac,0,Discharging,84,4872000,5800000,6400000,0,4829,14791000,3.6978,2,80,0,0x04,0,0,16800,34885,0x0D,0,0xFF,0x01,1,0x22,0,0x06,0,1,0x45
2026-09-28T16:45:25,wait_ac,0,Discharging,84,4872000,5800000,6400000,0,4625,14776000,3.694,2,80,0,0x04,0,0,16800,34885,0x0D,0,0xFF,0x01,1,0x22,0,0x06,0,1,0x45
2026-09-28T16:45:30,wait_ac,0,Discharging,84,4872000,5800000,6400000,0,4761,14796000,3.699,2,80,0,0x04,0,0,16800,34885,0x0D,0,0xFF,0x01,1,0x22,0,0x06,0,1,0x45
2026-09-28T16:45:35,wait_ac,0,Discharging,84,4872000,5800000,6400000,0,4795,14791000,3.6978,2,80,0,0x04,0,0,16800,34885,0x0D,0,0xFF,0x01,1,0x22,0,0x06,0,1,0x45
2026-09-28T16:45:40,wait_ac,0,Discharging,84,4872000,5800000,6400000,0,4727,14793000,3.6982,2,80,0,0x04,0,0,16800,34885,0x0D,0,0xFF,0x01,1,0x22,0,0x06,0,1,0x45
2026-09-28T16:45:45,wait_ac,0,Discharging,83,4814000,5800000,6400000,0,4727,14739000,3.6848,2,80,0,0x04,0,0,16800,34885,0x0D,0,0xFF,0x01,1,0x22,0,0x06,0,1,0x45
2026-09-28T16:45:50,wait_ac,0,Discharging,83,4814000,5800000,6400000,0,4693,14767000,3.6917,2,80,0,0x04,0,0,16800,34885,0x0D,0,0xFF,0x01,1,0x22,0,0x06,0,1,0x45
2026-09-28T16:45:55,wait_ac,0,Discharging,83,4814000,5800000,6400000,0,5101,14777000,3.6942,2,80,0,0x04,0,0,16800,34885,0x0D,0,0xFF,0x01,1,0x22,0,0x06,0,1,0x45
2026-09-28T16:46:00,wait_ac,0,Discharging,83,4814000,5800000,6400000,0,5509,14789000,3.6972,2,80,0,0x04,0,0,16800,34885,0x0D,0,0xFF,0x01,1,0x22,0,0x06,0,1,0x45
2026-09-28T16:46:05,wait_ac,0,Discharging,83,4814000,5800000,6400000,0,5237,14720000,3.68,2,80,0,0x04,0,0,16800,34885,0x0D,0,0xFF,0x01,1,0x22,0,0x06,0,1,0x45
2026-09-28T16:46:10,wait_ac,0,Discharging,83,4814000,5800000,6400000,0,4455,14722000,3.6805,2,80,0,0x04,0,0,16800,34885,0x0D,0,0xFF,0x01,1,0x22,0,0x06,0,1,0x45
2026-09-28T16:46:16,wait_ac,0,Discharging,83,4814000,5800000,6400000,0,4115,14751000,3.6877,2,80,0,0x04,0,0,16800,34885,0x0D,0,0xFF,0x01,1,0x22,0,0x06,0,1,0x45
2026-09-28T16:46:21,wait_ac,0,Discharging,83,4814000,5800000,6400000,0,4285,14845000,3.7113,2,80,0,0x04,0,0,16800,34885,0x0D,0,0xFF,0x01,1,0x22,0,0x06,0,1,0x45
2026-09-28T16:46:26,wait_ac,0,Discharging,83,4814000,5800000,6400000,0,3945,14869000,3.7172,2,80,0,0x04,0,0,16800,34885,0x0D,0,0xFF,0x01,1,0x22,0,0x06,0,1,0x45
2026-09-28T16:46:31,wait_ac,0,Discharging,82,4756000,5800000,6400000,0,4727,14894000,3.7235,2,80,0,0x04,0,0,16800,34885,0x0D,0,0xFF,0x01,1,0x22,0,0x06,0,1,0x45
2026-09-28T16:46:36,wait_ac,0,Discharging,82,4756000,5800000,6400000,0,3979,14861000,3.7153,2,80,0,0x04,0,0,16800,34885,0x0D,0,0xFF,0x01,1,0x22,0,0x06,0,1,0x45
2026-09-28T16:46:41,wait_ac,0,Discharging,82,4756000,5800000,6400000,0,3741,14862000,3.7155,2,80,0,0x04,0,0,16800,34885,0x0D,0,0xFF,0x01,1,0x22,0,0x06,0,1,0x45
2026-09-28T16:46:46,wait_ac,0,Discharging,82,4756000,5800000,6400000,0,4217,14772000,3.693,2,80,0,0x04,0,0,16800,34885,0x0D,0,0xFF,0x01,1,0x22,0,0x06,0,1,0x45
2026-09-28T16:46:51,wait_ac,0,Discharging,82,4756000,5800000,6400000,0,5169,14814000,3.7035,2,80,0,0x04,0,0,16800,34885,0x0D,0,0xFF,0x01,1,0x22,0,0x06,0,1,0x45
2026-09-28T16:46:56,wait_ac,0,Discharging,82,4756000,5800000,6400000,0,3571,14812000,3.703,2,80,0,0x04,0,0,16800,34885,0x0D,0,0xFF,0x01,1,0x22,0,0x06,0,1,0x45
2026-09-28T16:47:01,wait_ac,0,Discharging,82,4756000,5800000,6400000,0,3503,14865000,3.7163,2,80,0,0x04,0,0,16800,34885,0x0D,0,0xFF,0x01,1,0x22,0,0x06,0,1,0x45
2026-09-28T16:47:06,wait_ac,0,Discharging,82,4756000,5800000,6400000,0,3469,14932000,3.733,2,80,0,0x04,0,0,16800,34885,0x0D,0,0xFF,0x01,1,0x22,0,0x06,0,1,0x45
2026-09-28T16:47:11,wait_ac,0,Discharging,82,4756000,5800000,6400000,0,3537,14960000,3.74,2,80,0,0x04,0,0,16800,34885,0x0D,0,0xFF,0x01,1,0x22,0,0x06,0,1,0x45
2026-09-28T16:47:16,wait_ac,0,Discharging,82,4756000,5800000,6400000,0,2585,14930000,3.7325,2,80,0,0x04,0,0,16800,34885,0x0D,0,0xFF,0x01,1,0x22,0,0x06,0,1,0x45
2026-09-28T16:47:22,wait_ac,0,Discharging,82,4756000,5800000,6400000,0,2517,15110000,3.7775,2,80,0,0x04,0,0,16800,34885,0x0D,0,0xFF,0x01,1,0x22,0,0x06,0,1,0x45
2026-09-28T16:47:27,wait_ac,0,Discharging,81,4698000,5800000,6400000,0,2517,15133000,3.7832,2,80,0,0x04,0,0,16800,34885,0x0D,0,0xFF,0x01,1,0x22,0,0x06,0,1,0x45
2026-09-28T16:47:32,wait_ac,0,Discharging,81,4698000,5800000,6400000,0,2585,15078000,3.7695,2,80,0,0x04,0,0,16800,34885,0x0D,0,0xFF,0x01,1,0x22,0,0x06,0,1,0x45
2026-09-28T16:47:37,wait_ac,0,Discharging,81,4698000,5800000,6400000,0,3911,14908000,3.727,2,80,0,0x04,0,0,16800,34885,0x0D,0,0xFF,0x01,1,0x22,0,0x06,0,1,0x45
2026-09-28T16:47:42,wait_ac,0,Discharging,81,4698000,5800000,6400000,0,5101,14910000,3.7275,2,80,0,0x04,0,0,16800,34885,0x0D,0,0xFF,0x01,1,0x22,0,0x06,0,1,0x45
2026-09-28T16:47:47,wait_ac,0,Discharging,81,4698000,5800000,6400000,0,2585,15041000,3.7603,2,80,0,0x04,0,0,16800,34885,0x0D,0,0xFF,0x01,1,0x22,0,0x06,0,1,0x45
2026-09-28T16:47:52,wait_ac,0,Discharging,81,4698000,5800000,6400000,0,2585,15112000,3.778,2,80,0,0x04,0,0,16800,34885,0x0D,0,0xFF,0x01,1,0x22,0,0x06,0,1,0x45
2026-09-28T16:47:57,wait_ac,0,Discharging,81,4698000,5800000,6400000,0,2585,15110000,3.7775,2,80,0,0x04,0,0,16800,34885,0x0D,0,0xFF,0x01,1,0x22,0,0x06,0,1,0x45
2026-09-28T16:48:02,wait_ac,0,Discharging,81,4698000,5800000,6400000,0,2619,15133000,3.7832,2,80,0,0x04,0,0,16800,34885,0x0D,0,0xFF,0x01,1,0x22,0,0x06,0,1,0x45
2026-09-28T16:48:07,wait_ac,0,Discharging,81,4698000,5800000,6400000,0,2721,15120000,3.78,2,80,0,0x04,0,0,16800,34885,0x0D,0,0xFF,0x01,1,0x22,0,0x06,0,1,0x45
2026-09-28T16:48:12,wait_ac,0,Discharging,81,4698000,5800000,6400000,0,2687,15091000,3.7727,2,80,0,0x04,0,0,16800,34885,0x0D,0,0xFF,0x01,1,0x22,0,0x06,0,1,0x45
2026-09-28T16:48:17,wait_ac,0,Discharging,81,4698000,5800000,6400000,0,2687,15115000,3.7788,2,80,0,0x04,0,0,16800,34885,0x0D,0,0xFF,0x01,1,0x22,0,0x06,0,1,0x45
2026-09-28T16:48:23,wait_ac,0,Discharging,81,4698000,5800000,6400000,0,2857,15093000,3.7732,2,80,0,0x04,0,0,16800,34885,0x0D,0,0xFF,0x01,1,0x22,0,0x06,0,1,0x45
2026-09-28T16:48:28,wait_ac,0,Discharging,81,4698000,5800000,6400000,0,2755,15096000,3.774,2,80,0,0x04,0,0,16800,34885,0x0D,0,0xFF,0x01,1,0x22,0,0x06,0,1,0x45
2026-09-28T16:48:33,wait_ac,0,Discharging,81,4698000,5800000,6400000,0,2687,15091000,3.7727,2,80,0,0x04,0,0,16800,34885,0x0D,0,0xFF,0x01,1,0x22,0,0x06,0,1,0x45
2026-09-28T16:48:38,wait_ac,0,Discharging,80,4640000,5800000,6400000,0,2687,15093000,3.7732,2,80,0,0x04,0,0,16800,34885,0x0D,0,0xFF,0x01,1,0x22,0,0x06,0,1,0x45
2026-09-28T16:48:43,wait_ac,0,Discharging,80,4640000,5800000,6400000,0,2687,15091000,3.7727,2,80,0,0x04,0,0,16800,34885,0x0D,0,0xFF,0x01,1,0x22,0,0x06,0,1,0x45
2026-09-28T16:48:48,wait_ac,0,Discharging,80,4640000,5800000,6400000,0,2687,15093000,3.7732,2,80,0,0x04,0,0,16800,34885,0x0D,0,0xFF,0x01,1,0x22,0,0x06,0,1,0x45
2026-09-28T16:48:53,wait_ac,0,Discharging,80,4640000,5800000,6400000,0,2687,15098000,3.7745,2,80,0,0x04,0,0,16800,34885,0x0D,0,0xFF,0x01,1,0x22,0,0x06,0,1,0x45
2026-09-28T16:48:58,wait_ac,0,Discharging,80,4640000,5800000,6400000,0,2687,15091000,3.7727,2,80,0,0x04,0,0,16800,34885,0x0D,0,0xFF,0x01,1,0x22,0,0x06,0,1,0x45
2026-09-28T16:49:03,wait_ac,0,Discharging,80,4640000,5800000,6400000,0,5815,14987000,3.7468,2,80,0,0x04,0,0,16800,34885,0x0D,0,0xFF,0x01,1,0x22,0,0x06,0,1,0x45
2026-09-28T16:49:08,wait_ac,0,Discharging,80,4640000,5800000,6400000,0,4319,14666000,3.6665,2,80,0,0x04,0,0,16800,34885,0x0D,0,0xFF,0x01,1,0x22,0,0x06,0,1,0x45
2026-09-28T16:49:13,wait_ac,0,Discharging,80,4640000,5800000,6400000,0,4999,14713000,3.6782,2,80,0,0x04,0,0,16800,34885,0x0D,0,0xFF,0x01,1,0x22,0,0x06,0,1,0x45
2026-09-28T16:49:18,wait_ac,0,Discharging,80,4640000,5800000,6400000,0,5067,14658000,3.6645,2,80,0,0x04,0,0,16800,34885,0x0D,0,0xFF,0x01,1,0x22,0,0x06,0,1,0x45
2026-09-28T16:49:23,wait_ac,0,Discharging,80,4640000,5800000,6400000,0,4999,14642000,3.6605,2,80,0,0x04,0,0,16800,34885,0x0D,0,0xFF,0x01,1,0x22,0,0x06,0,1,0x45
2026-09-28T16:49:29,wait_ac,0,Discharging,80,4640000,5800000,6400000,0,4999,14594000,3.6485,2,80,0,0x04,0,0,16800,34885,0x0D,0,0xFF,0x01,1,0x22,0,0x06,0,1,0x45
2026-09-28T16:49:34,wait_ac,0,Discharging,79,4582000,5800000,6400000,0,5883,14639000,3.6597,2,80,0,0x04,0,0,16800,34885,0x0D,0,0xFF,0x01,1,0x22,0,0x06,0,1,0x45
2026-09-28T16:49:39,wait_ac,0,Discharging,79,4582000,5800000,6400000,0,5509,14432000,3.608,2,80,0,0x04,0,0,16800,34885,0x0D,0,0xFF,0x01,1,0x22,0,0x06,0,1,0x45
2026-09-28T16:49:44,wait_ac,0,Discharging,79,4582000,5800000,6400000,0,4353,14535000,3.6338,2,80,0,0x04,0,0,16800,34885,0x0D,0,0xFF,0x01,1,0x22,0,0x06,0,1,0x45
2026-09-28T16:49:49,wait_ac,0,Discharging,79,4582000,5800000,6400000,0,5067,14577000,3.6442,2,80,0,0x04,0,0,16800,34885,0x0D,0,0xFF,0x01,1,0x22,0,0x06,0,1,0x45
2026-09-28T16:49:54,wait_ac,0,Discharging,79,4582000,5800000,6400000,0,5067,14570000,3.6425,2,80,0,0x04,0,0,16800,34885,0x0D,0,0xFF,0x01,1,0x22,0,0x06,0,1,0x45
2026-09-28T16:49:59,wait_ac,0,Discharging,79,4582000,5800000,6400000,0,5849,14565000,3.6412,2,80,0,0x04,0,0,16800,34885,0x0D,0,0xFF,0x01,1,0x22,0,0x06,0,1,0x45
2026-09-28T16:50:04,wait_ac,0,Discharging,79,4582000,5800000,6400000,0,5305,14535000,3.6338,2,80,0,0x04,0,0,16800,34885,0x0D,0,0xFF,0x01,1,0x22,0,0x06,0,1,0x45
2026-09-28T16:50:09,wait_ac,0,Discharging,78,4524000,5800000,6400000,0,4965,14553000,3.6383,2,80,0,0x04,0,0,16800,34885,0x0D,0,0xFF,0x01,1,0x22,0,0x06,0,1,0x45
2026-09-28T16:50:14,wait_ac,0,Discharging,78,4524000,5800000,6400000,0,4829,14582000,3.6455,2,80,0,0x04,0,0,16800,34885,0x0D,0,0xFF,0x01,1,0x22,0,0x06,0,1,0x45
2026-09-28T16:50:19,wait_ac,0,Discharging,78,4524000,5800000,6400000,0,4625,14584000,3.646,2,80,0,0x04,0,0,16800,34885,0x0D,0,0xFF,0x01,1,0x22,0,0x06,0,1,0x45
2026-09-28T16:50:24,wait_ac,0,Discharging,78,4524000,5800000,6400000,0,4863,14603000,3.6507,2,80,0,0x04,0,0,16800,34885,0x0D,0,0xFF,0x01,1,0x22,0,0x06,0,1,0x45
2026-09-28T16:50:29,wait_ac,0,Discharging,78,4524000,5800000,6400000,0,5067,14582000,3.6455,2,80,0,0x04,0,0,16800,34885,0x0D,0,0xFF,0x01,1,0x22,0,0x06,0,1,0x45
2026-09-28T16:50:35,wait_ac,0,Discharging,78,4524000,5800000,6400000,0,4829,14584000,3.646,2,80,0,0x04,0,0,16800,34885,0x0D,0,0xFF,0x01,1,0x22,0,0x06,0,1,0x45
2026-09-28T16:50:40,wait_ac,0,Discharging,78,4524000,5800000,6400000,0,4863,14546000,3.6365,2,80,0,0x04,0,0,16800,34885,0x0D,0,0xFF,0x01,1,0x22,0,0x06,0,1,0x45
2026-09-28T16:50:45,wait_ac,0,Discharging,78,4524000,5800000,6400000,0,4897,14592000,3.648,2,80,0,0x04,0,0,16800,34885,0x0D,0,0xFF,0x01,1,0x22,0,0x06,0,1,0x45
2026-09-28T16:50:54,wait_ac,0,Discharging,77,4466000,5800000,6400000,0,4931,,14525000,3.6313,2,80,0,0x04,0,0,16800,34885,0x0D,0,0xFF,0x01,1,0x22,0,0x06,0,1,0x45
2026-09-28T16:50:59,wait_ac,0,Discharging,77,4466000,5800000,6400000,0,4897,,14558000,3.6395,2,80,0,0x04,0,0,16800,34885,0x0D,0,0xFF,0x01,1,0x22,0,0x06,0,1,0x45
2026-09-28T16:51:04,wait_ac,0,Discharging,77,4466000,5800000,6400000,0,4863,,14537000,3.6343,2,80,0,0x04,0,0,16800,34885,0x0D,0,0xFF,0x01,1,0x22,0,0x06,0,1,0x45
2026-09-28T16:51:09,wait_ac,0,Discharging,77,4466000,5800000,6400000,0,5135,,14563000,3.6408,2,80,0,0x04,0,0,16800,34885,0x0D,0,0xFF,0x01,1,0x22,0,0x06,0,1,0x45
2026-09-28T16:51:15,wait_ac,0,Discharging,77,4466000,5800000,6400000,0,4557,4,14535000,3.6338,2,80,0,0x04,0,0,16800,34885,0x0D,0,0xFF,0x01,1,0x22,0,0x06,0,1,0x45
2026-09-28T16:51:20,wait_ac,0,Discharging,77,4466000,5800000,6400000,0,5373,,14544000,3.636,2,80,0,0x04,0,0,16800,34885,0x0D,0,0xFF,0x01,1,0x22,0,0x06,0,1,0x45
2026-09-28T16:51:25,wait_ac,0,Discharging,77,4466000,5800000,6400000,0,4931,,14516000,3.629,2,80,0,0x04,0,0,16800,34885,0x0D,0,0xFF,0x01,1,0x22,0,0x06,0,1,0x45
2026-09-28T16:51:30,wait_ac,0,Discharging,77,4466000,5800000,6400000,0,4965,,14530000,3.6325,2,80,0,0x04,0,0,16800,34885,0x0D,0,0xFF,0x01,1,0x22,0,0x06,0,1,0x45
2026-09-28T16:51:35,wait_ac,0,Discharging,76,4408000,5800000,6400000,0,4795,,14539000,3.6347,2,80,0,0x04,0,0,16800,34885,0x0D,0,0xFF,0x01,1,0x22,0,0x06,0,1,0x45
2026-09-28T16:51:40,wait_ac,0,Discharging,76,4408000,5800000,6400000,0,4931,,14520000,3.63,2,80,0,0x04,0,0,16800,34885,0x0D,0,0xFF,0x01,1,0x22,0,0x06,0,1,0x45
2026-09-28T16:51:45,wait_ac,0,Discharging,76,4408000,5800000,6400000,0,4829,,14487000,3.6218,2,80,0,0x04,0,0,16800,34885,0x0D,0,0xFF,0x01,1,0x22,0,0x06,0,1,0x45
2026-09-28T16:51:50,wait_ac,0,Discharging,76,4408000,5800000,6400000,0,4795,,14535000,3.6338,2,80,0,0x04,0,0,16800,34885,0x0D,0,0xFF,0x01,1,0x22,0,0x06,0,1,0x45
2026-09-28T16:51:55,wait_ac,0,Discharging,76,4408000,5800000,6400000,0,4863,,14511000,3.6277,2,80,0,0x04,0,0,16800,34885,0x0D,0,0xFF,0x01,1,0x22,0,0x06,0,1,0x45
2026-09-28T16:52:00,wait_ac,0,Discharging,76,4408000,5800000,6400000,0,5033,,14520000,3.63,2,80,0,0x04,0,0,16800,34885,0x0D,0,0xFF,0x01,1,0x22,0,0x06,0,1,0x45
2026-09-28T16:52:05,wait_ac,0,Discharging,76,4408000,5800000,6400000,0,5203,,14513000,3.6282,2,80,0,0x04,0,0,16800,34885,0x0D,0,0xFF,0x01,1,0x22,0,0x06,0,1,0x45
2026-09-28T16:52:10,wait_ac,0,Discharging,76,4408000,5800000,6400000,0,4965,,14499000,3.6248,2,80,0,0x04,0,0,16800,34885,0x0D,0,0xFF,0x01,1,0x22,0,0x06,0,1,0x45
2026-09-28T16:52:15,wait_ac,0,Discharging,76,4408000,5800000,6400000,0,4727,,14489000,3.6223,2,80,0,0x04,0,0,16800,34885,0x0D,0,0xFF,0x01,1,0x22,0,0x06,0,1,0x45
2026-09-28T16:52:21,wait_ac,0,Discharging,75,4350000,5800000,6400000,0,4931,,14518000,3.6295,2,80,0,0x04,0,0,16800,34885,0x0D,0,0xFF,0x01,1,0x22,0,0x06,0,1,0x45
2026-09-28T16:52:26,wait_ac,0,Discharging,75,4350000,5800000,6400000,0,4999,,14494000,3.6235,2,80,0,0x04,0,0,16800,34885,0x0D,0,0xFF,0x01,1,0x22,0,0x06,0,1,0x45
2026-09-28T16:52:31,wait_ac,0,Discharging,75,4350000,5800000,6400000,0,5135,,14478000,3.6195,2,80,0,0x04,0,0,16800,34885,0x0D,0,0xFF,0x01,1,0x22,0,0x06,0,1,0x45
2026-09-28T16:52:36,wait_ac,0,Discharging,75,4350000,5800000,6400000,0,4795,,14463000,3.6157,2,80,0,0x04,0,0,16800,34885,0x0D,0,0xFF,0x01,1,0x22,0,0x06,0,1,0x45
2026-09-28T16:52:41,wait_ac,0,Discharging,75,4350000,5800000,6400000,0,4523,4,14492000,3.623,2,80,0,0x04,0,0,16800,34885,0x0D,0,0xFF,0x01,1,0x22,0,0x06,0,1,0x45
2026-09-28T16:52:46,wait_ac,0,Discharging,75,4350000,5800000,6400000,0,4965,,14492000,3.623,2,80,0,0x04,0,0,16800,34885,0x0D,0,0xFF,0x01,1,0x22,0,0x06,0,1,0x45
2026-09-28T16:52:51,stationary,1,Charging,75,4350000,5800000,6400000,0,0,,14492000,3.623,2,80,0,0x04,0,0,16800,34885,0x0D,0,0xFF,0x01,1,0x22,0,0x0F,1,1,0x45
2026-09-28T16:52:56,stationary,1,Charging,75,4350000,5800000,6400000,0,2006,2,15645000,3.9112,2,80,0,0x04,0,0,16800,34885,0x0D,0,0xFF,0x01,1,0x22,0,0x0F,1,1,0x45
2026-09-28T16:53:01,stationary,1,Charging,75,4350000,5800000,6400000,0,2006,2,15669000,3.9173,2,80,0,0x04,0,0,16800,34885,0x0D,0,0xFF,0x01,1,0x22,0,0x0F,1,1,0x45
2026-09-28T16:53:06,stationary,1,Charging,75,4350000,5800000,6400000,0,2006,2,15716000,3.929,2,80,0,0x04,0,0,16800,34885,0x0D,0,0xFF,0x01,1,0x22,0,0x0F,1,1,0x45
2026-09-28T16:53:12,stationary,1,Charging,75,4350000,5800000,6400000,0,2006,2,15763000,3.9407,2,80,0,0x04,0,0,16800,34885,0x0D,0,0xFF,0x01,1,0x22,0,0x0F,1,1,0x45
2026-09-28T16:53:17,stationary,1,Charging,75,4350000,5800000,6400000,0,2006,2,15786000,3.9465,2,80,0,0x04,0,0,16800,34885,0x0D,0,0xFF,0x01,1,0x22,0,0x0F,1,1,0x45
2026-09-28T16:53:22,stationary,1,Charging,75,4350000,5800000,6400000,0,2006,2,15810000,3.9525,2,80,0,0x04,0,0,16800,34885,0x0D,0,0xFF,0x01,1,0x22,0,0x0F,1,1,0x45
2026-09-28T16:53:27,stationary,1,Charging,75,4350000,5800000,6400000,0,2006,2,15810000,3.9525,2,80,0,0x04,0,0,16800,34885,0x0D,0,0xFF,0x01,1,0x22,0,0x0F,1,1,0x45
2026-09-28T16:53:32,stationary,1,Charging,75,4350000,5800000,6400000,0,2006,2,15833000,3.9583,2,80,0,0x04,0,0,16800,34885,0x0D,0,0xFF,0x01,1,0x22,0,0x0F,1,1,0x45
2026-09-28T16:53:37,stationary,1,Charging,75,4350000,5800000,6400000,0,2006,2,15856000,3.964,2,80,0,0x04,0,0,16800,34885,0x0D,0,0xFF,0x01,1,0x22,0,0x0F,1,1,0x45
2026-09-28T16:53:42,stationary,1,Charging,75,4350000,5800000,6400000,0,2006,2,15856000,3.964,2,80,0,0x04,0,0,16800,34885,0x0D,0,0xFF,0x01,1,0x22,0,0x0F,1,1,0x45
2026-09-28T16:53:47,stationary,1,Charging,75,4350000,5800000,6400000,0,2006,2,15880000,3.97,2,80,0,0x04,0,0,16800,34885,0x0D,0,0xFF,0x01,1,0x22,0,0x0F,1,1,0x45
2026-09-28T16:53:52,stationary,1,Charging,75,4350000,5800000,6400000,0,2006,2,15880000,3.97,2,80,0,0x04,0,0,16800,34885,0x0D,0,0xFF,0x01,1,0x22,0,0x0F,1,1,0x45
2026-09-28T16:53:57,stationary,1,Charging,75,4350000,5800000,6400000,0,2006,2,15880000,3.97,2,80,0,0x04,0,0,16800,34885,0x0D,0,0xFF,0x01,1,0x22,0,0x0F,1,1,0x45
2026-09-28T16:54:02,stationary,1,Charging,75,4350000,5800000,6400000,0,2006,2,15903000,3.9758,2,80,0,0x04,0,0,16800,34885,0x0D,0,0xFF,0x01,1,0x22,0,0x0F,1,1,0x45
2026-09-28T16:54:07,stationary,1,Charging,75,4350000,5800000,6400000,0,2006,2,15903000,3.9758,2,80,0,0x04,0,0,16800,34885,0x0D,0,0xFF,0x01,1,0x22,0,0x0F,1,1,0x45
2026-09-28T16:54:13,stationary,1,Charging,75,4350000,5800000,6400000,0,2006,2,15903000,3.9758,2,80,0,0x04,0,0,16800,34885,0x0D,0,0xFF,0x01,1,0x22,0,0x0F,1,1,0x45
2026-09-28T16:54:18,stationary,1,Charging,75,4350000,5800000,6400000,0,2006,2,15903000,3.9758,2,80,0,0x04,0,0,16800,34885,0x0D,0,0xFF,0x01,1,0x22,0,0x0F,1,1,0x45
2026-09-28T16:54:23,stationary,1,Charging,75,4350000,5800000,6400000,0,2006,2,15927000,3.9817,2,80,0,0x04,0,0,16800,34885,0x0D,0,0xFF,0x01,1,0x22,0,0x0F,1,1,0x45
2026-09-28T16:54:28,stationary,1,Charging,75,4350000,5800000,6400000,0,2006,2,15927000,3.9817,2,80,0,0x04,0,0,16800,34885,0x0D,0,0xFF,0x01,1,0x22,0,0x0F,1,1,0x45
