t,phase,ac,status,capacity,charge_now,charge_full,charge_full_design,cycle_count,current_ma,rate,voltage_uv,v_per_cell,profile,threshold,reached,oem6,erm_reached,full_24h,chg_target,hw_base,gate,gate_armed,romid0,ap_oem,manual_fan_ctrl,support5,ran,batt_status,guard0,guard2,charge_limit_mode
2026-09-28T16:58:18,switch_stationary,0,Discharging,74,4292000,5800000,6400000,0,3163,3,15010000,3.7525,2,80,0,0x04,0,0,16800,34885,0x0D,0,0xFF,0x01,1,0x22,0,0x0E,0,1,0x45
2026-09-28T16:58:23,switch_stationary,0,Discharging,74,4292000,5800000,6400000,0,4897,,14874000,3.7185,2,80,0,0x04,0,0,16800,34885,0x0D,0,0xFF,0x01,1,0x22,0,0x0E,0,1,0x45
2026-09-28T16:58:28,switch_stationary,1,Charging,74,4292000,5800000,6400000,0,0,,14682000,3.6705,2,80,0,0x04,0,0,16800,34885,0x0D,0,0xFF,0x01,1,0x22,0,0x0F,1,1,0x45
2026-09-28T16:58:33,switch_stationary,1,Charging,74,4292000,5800000,6400000,0,2006,2,15153000,3.7883,2,80,0,0x04,0,0,16800,34885,0x0D,0,0xFF,0x01,1,0x22,0,0x0F,1,1,0x45
2026-09-28T16:58:38,switch_stationary,1,Charging,74,4292000,5800000,6400000,0,2006,2,15833000,3.9583,2,80,0,0x04,0,0,16800,34885,0x0D,0,0xFF,0x01,1,0x22,0,0x0F,1,1,0x45
2026-09-28T16:58:43,switch_stationary,1,Charging,74,4292000,5800000,6400000,0,2006,2,15856000,3.964,2,80,0,0x04,0,0,16800,34885,0x0D,0,0xFF,0x01,1,0x22,0,0x0F,1,1,0x45
2026-09-28T16:58:49,switch_stationary,1,Charging,74,4292000,5800000,6400000,0,2006,2,15880000,3.97,2,80,0,0x04,0,0,16800,34885,0x0D,0,0xFF,0x01,1,0x22,0,0x0F,1,1,0x45
2026-09-28T16:58:54,switch_stationary,1,Charging,74,4292000,5800000,6400000,0,2006,2,15903000,3.9758,2,80,0,0x04,0,0,16800,34885,0x0D,0,0xFF,0x01,1,0x22,0,0x0F,1,1,0x45
2026-09-28T16:58:59,switch_stationary,1,Charging,74,4292000,5800000,6400000,0,2006,2,15903000,3.9758,2,80,0,0x04,0,0,16800,34885,0x0D,0,0xFF,0x01,1,0x22,0,0x0F,1,1,0x45
2026-09-28T16:59:04,switch_stationary,1,Charging,74,4292000,5800000,6400000,0,2006,2,15927000,3.9817,2,80,0,0x04,0,0,16800,34885,0x0D,0,0xFF,0x01,1,0x22,0,0x0F,1,1,0x45
2026-09-28T16:59:09,switch_stationary,1,Charging,74,4292000,5800000,6400000,0,2006,2,15927000,3.9817,2,80,0,0x04,0,0,16800,34885,0x0D,0,0xFF,0x01,1,0x22,0,0x0F,1,1,0x45
2026-09-28T16:59:14,switch_stationary,1,Charging,74,4292000,5800000,6400000,0,2006,2,15927000,3.9817,2,80,0,0x04,0,0,16800,34885,0x0D,0,0xFF,0x01,1,0x22,0,0x0F,1,1,0x45
2026-09-28T16:59:19,switch_stationary,1,Charging,74,4292000,5800000,6400000,0,2006,2,15950000,3.9875,2,80,0,0x04,0,0,16800,34885,0x0D,0,0xFF,0x01,1,0x22,0,0x0F,1,1,0x45
2026-09-28T16:59:24,switch_stationary,1,Charging,74,4292000,5800000,6400000,0,2006,2,15950000,3.9875,2,80,0,0x04,0,0,16800,34885,0x0D,0,0xFF,0x01,1,0x22,0,0x0F,1,1,0x45
2026-09-28T16:59:29,switch_stationary,1,Charging,74,4292000,5800000,6400000,0,2006,2,15950000,3.9875,2,80,0,0x04,0,0,16800,34885,0x0D,0,0xFF,0x01,1,0x22,0,0x0F,1,1,0x45
2026-09-28T16:59:34,switch_stationary,1,Charging,74,4292000,5800000,6400000,0,2006,2,15950000,3.9875,2,80,0,0x04,0,0,16800,34885,0x0D,0,0xFF,0x01,1,0x22,0,0x0F,1,1,0x45
2026-09-28T16:59:39,switch_stationary,1,Charging,74,4292000,5800000,6400000,0,2006,2,15974000,3.9935,2,80,0,0x04,0,0,16800,34885,0x0D,0,0xFF,0x01,1,0x22,0,0x0F,1,1,0x45
2026-09-28T16:59:44,switch_stationary,1,Charging,74,4292000,5800000,6400000,0,2006,2,15974000,3.9935,2,80,0,0x04,0,0,16800,34885,0x0D,0,0xFF,0x01,1,0x22,0,0x0F,1,1,0x45
2026-09-28T16:59:49,switch_stationary,1,Charging,74,4292000,5800000,6400000,0,2006,2,15974000,3.9935,2,80,0,0x04,0,0,16800,34885,0x0D,0,0xFF,0x01,1,0x22,0,0x0F,1,1,0x45
2026-09-28T16:59:55,switch_stationary,1,Charging,74,4292000,5800000,6400000,0,2006,2,15974000,3.9935,2,80,0,0x04,0,0,16800,34885,0x0D,0,0xFF,0x01,1,0x22,0,0x0F,1,1,0x45
2026-09-28T17:00:00,switch_stationary,1,Charging,74,4292000,5800000,6400000,0,2006,2,15974000,3.9935,2,80,0,0x04,0,0,16800,34885,0x0D,0,0xFF,0x01,1,0x22,0,0x0F,1,1,0x45
2026-09-28T17:00:05,switch_stationary,1,Charging,74,4292000,5800000,6400000,0,2006,2,15997000,3.9992,2,80,0,0x04,0,0,16800,34885,0x0D,0,0xFF,0x01,1,0x22,0,0x0F,1,1,0x45
2026-09-28T17:00:10,switch_stationary,1,Charging,74,4292000,5800000,6400000,0,2006,2,15997000,3.9992,2,80,0,0x04,0,0,16800,34885,0x0D,0,0xFF,0x01,1,0x22,0,0x0F,1,1,0x45
2026-09-28T17:00:15,switch_stationary,1,Charging,75,4350000,5800000,6400000,0,2006,2,15997000,3.9992,2,80,0,0x04,0,0,16800,34885,0x0D,0,0xFF,0x01,1,0x22,0,0x0F,1,1,0x45
2026-09-28T17:00:20,switch_stationary,1,Charging,75,4350000,5800000,6400000,0,2006,2,15997000,3.9992,2,80,0,0x04,0,0,16800,34885,0x0D,0,0xFF,0x01,1,0x22,0,0x0F,1,1,0x45
2026-09-28T17:00:25,switch_stationary,1,Charging,75,4350000,5800000,6400000,0,2006,2,15997000,3.9992,2,80,0,0x04,0,0,16800,34885,0x0D,0,0xFF,0x01,1,0x22,0,0x0F,1,1,0x45
2026-09-28T17:00:30,switch_stationary,1,Charging,75,4350000,5800000,6400000,0,2006,2,16021000,4.0053,2,80,0,0x04,0,0,16800,34885,0x0D,0,0xFF,0x01,1,0x22,0,0x0F,1,1,0x45
2026-09-28T17:00:35,switch_stationary,1,Charging,75,4350000,5800000,6400000,0,2006,2,16021000,4.0053,2,80,0,0x04,0,0,16800,34885,0x0D,0,0xFF,0x01,1,0x22,0,0x0F,1,1,0x45
2026-09-28T17:00:40,switch_stationary,1,Charging,75,4350000,5800000,6400000,0,2006,2,16021000,4.0053,2,80,0,0x04,0,0,16800,34885,0x0D,0,0xFF,0x01,1,0x22,0,0x0F,1,1,0x45
2026-09-28T17:00:45,switch_stationary,1,Charging,75,4350000,5800000,6400000,0,2006,2,15997000,3.9992,2,80,0,0x04,0,0,16800,34885,0x0D,0,0xFF,0x01,1,0x22,0,0x0F,1,1,0x45
2026-09-28T17:00:50,switch_stationary,1,Charging,75,4350000,5800000,6400000,0,2006,2,16021000,4.0053,2,80,0,0x04,0,0,16800,34885,0x0D,0,0xFF,0x01,1,0x22,0,0x0F,1,1,0x45
2026-09-28T17:00:56,switch_stationary,1,Charging,75,4350000,5800000,6400000,0,2006,2,16021000,4.0053,2,80,0,0x04,0,0,16800,34885,0x0D,0,0xFF,0x01,1,0x22,0,0x0F,1,1,0x45
2026-09-28T17:01:01,switch_stationary,1,Charging,75,4350000,5800000,6400000,0,2006,2,16021000,4.0053,2,80,0,0x04,0,0,16800,34885,0x0D,0,0xFF,0x01,1,0x22,0,0x0F,1,1,0x45
2026-09-28T17:01:06,switch_stationary,1,Charging,75,4350000,5800000,6400000,0,2006,2,16044000,4.011,2,80,0,0x04,0,0,16800,34885,0x0D,0,0xFF,0x01,1,0x22,0,0x0F,1,1,0x45
2026-09-28T17:01:11,switch_stationary,1,Charging,75,4350000,5800000,6400000,0,2006,2,16044000,4.011,2,80,0,0x04,0,0,16800,34885,0x0D,0,0xFF,0x01,1,0x22,0,0x0F,1,1,0x45
2026-09-28T17:01:16,switch_stationary,1,Charging,75,4350000,5800000,6400000,0,2006,2,16044000,4.011,2,80,0,0x04,0,0,16800,34885,0x0D,0,0xFF,0x01,1,0x22,0,0x0F,1,1,0x45
2026-09-28T17:01:21,switch_stationary,1,Charging,75,4350000,5800000,6400000,0,2006,2,16044000,4.011,2,80,0,0x04,0,0,16800,34885,0x0D,0,0xFF,0x01,1,0x22,0,0x0F,1,1,0x45
2026-09-28T17:01:26,switch_stationary,1,Charging,75,4350000,5800000,6400000,0,2006,2,16044000,4.011,2,80,0,0x04,0,0,16800,34885,0x0D,0,0xFF,0x01,1,0x22,0,0x0F,1,1,0x45
2026-09-28T17:01:31,switch_stationary,1,Charging,75,4350000,5800000,6400000,0,2006,2,16044000,4.011,2,80,0,0x04,0,0,16800,34885,0x0D,0,0xFF,0x01,1,0x22,0,0x0F,1,1,0x45
2026-09-28T17:01:36,switch_stationary,1,Charging,75,4350000,5800000,6400000,0,2006,2,16044000,4.011,2,80,0,0x04,0,0,16800,34885,0x0D,0,0xFF,0x01,1,0x22,0,0x0F,1,1,0x45
2026-09-28T17:01:41,switch_stationary,1,Charging,75,4350000,5800000,6400000,0,2006,2,16068000,4.017,2,80,0,0x04,0,0,16800,34885,0x0D,0,0xFF,0x01,1,0x22,0,0x0F,1,1,0x45
2026-09-28T17:01:46,switch_stationary,1,Charging,75,4350000,5800000,6400000,0,2006,2,16068000,4.017,2,80,0,0x04,0,0,16800,34885,0x0D,0,0xFF,0x01,1,0x22,0,0x0F,1,1,0x45
2026-09-28T17:01:51,switch_stationary,1,Charging,75,4350000,5800000,6400000,0,2006,2,16068000,4.017,2,80,0,0x04,0,0,16800,34885,0x0D,0,0xFF,0x01,1,0x22,0,0x0F,1,1,0x45
2026-09-28T17:01:56,switch_stationary,1,Charging,76,4408000,5800000,6400000,0,2006,2,16068000,4.017,2,80,0,0x04,0,0,16800,34885,0x0D,0,0xFF,0x01,1,0x22,0,0x0F,1,1,0x45
2026-09-28T17:02:02,switch_stationary,1,Charging,76,4408000,5800000,6400000,0,2006,2,16068000,4.017,2,80,0,0x04,0,0,16800,34885,0x0D,0,0xFF,0x01,1,0x22,0,0x0F,1,1,0x45
2026-09-28T17:02:07,switch_stationary,1,Charging,76,4408000,5800000,6400000,0,2006,2,16068000,4.017,2,80,0,0x04,0,0,16800,34885,0x0D,0,0xFF,0x01,1,0x22,0,0x0F,1,1,0x45
2026-09-28T17:02:12,switch_stationary,1,Charging,76,4408000,5800000,6400000,0,2006,2,16068000,4.017,2,80,0,0x04,0,0,16800,34885,0x0D,0,0xFF,0x01,1,0x22,0,0x0F,1,1,0x45
2026-09-28T17:02:17,switch_stationary,1,Charging,76,4408000,5800000,6400000,0,2006,2,16068000,4.017,2,80,0,0x04,0,0,16800,34885,0x0D,0,0xFF,0x01,1,0x22,0,0x0F,1,1,0x45
2026-09-28T17:02:22,switch_stationary,1,Charging,76,4408000,5800000,6400000,0,2006,2,16091000,4.0228,2,80,0,0x04,0,0,16800,34885,0x0D,0,0xFF,0x01,1,0x22,0,0x0F,1,1,0x45
2026-09-28T17:02:27,switch_stationary,1,Charging,76,4408000,5800000,6400000,0,2006,2,16091000,4.0228,2,80,0,0x04,0,0,16800,34885,0x0D,0,0xFF,0x01,1,0x22,0,0x0F,1,1,0x45
2026-09-28T17:02:32,switch_stationary,1,Charging,76,4408000,5800000,6400000,0,2006,2,16091000,4.0228,2,80,0,0x04,0,0,16800,34885,0x0D,0,0xFF,0x01,1,0x22,0,0x0F,1,1,0x45
2026-09-28T17:02:37,switch_stationary,1,Charging,76,4408000,5800000,6400000,0,2006,2,16091000,4.0228,2,80,0,0x04,0,0,16800,34885,0x0D,0,0xFF,0x01,1,0x22,0,0x0F,1,1,0x45
2026-09-28T17:02:42,switch_stationary,1,Charging,76,4408000,5800000,6400000,0,2006,2,16091000,4.0228,2,80,0,0x04,0,0,16800,34885,0x0D,0,0xFF,0x01,1,0x22,0,0x0F,1,1,0x45
2026-09-28T17:02:47,switch_stationary,1,Charging,76,4408000,5800000,6400000,0,2006,2,16091000,4.0228,2,80,0,0x04,0,0,16800,34885,0x0D,0,0xFF,0x01,1,0x22,0,0x0F,1,1,0x45
2026-09-28T17:02:52,switch_stationary,1,Charging,76,4408000,5800000,6400000,0,2006,2,16091000,4.0228,2,80,0,0x04,0,0,16800,34885,0x0D,0,0xFF,0x01,1,0x22,0,0x0F,1,1,0x45
2026-09-28T17:02:57,switch_stationary,1,Charging,76,4408000,5800000,6400000,0,2006,2,16114000,4.0285,2,80,0,0x04,0,0,16800,34885,0x0D,0,0xFF,0x01,1,0x22,0,0x0F,1,1,0x45
2026-09-28T17:03:02,switch_stationary,1,Charging,76,4408000,5800000,6400000,0,2006,2,16114000,4.0285,2,80,0,0x04,0,0,16800,34885,0x0D,0,0xFF,0x01,1,0x22,0,0x0F,1,1,0x45
2026-09-28T17:03:08,switch_stationary,1,Charging,76,4408000,5800000,6400000,0,2006,2,16114000,4.0285,2,80,0,0x04,0,0,16800,34885,0x0D,0,0xFF,0x01,1,0x22,0,0x0F,1,1,0x45
2026-09-28T17:03:13,switch_stationary,1,Charging,76,4408000,5800000,6400000,0,2006,2,16114000,4.0285,2,80,0,0x04,0,0,16800,34885,0x0D,0,0xFF,0x01,1,0x22,0,0x0F,1,1,0x45
2026-09-28T17:03:18,switch_stationary,1,Charging,76,4408000,5800000,6400000,0,2006,2,16114000,4.0285,2,80,0,0x04,0,0,16800,34885,0x0D,0,0xFF,0x01,1,0x22,0,0x0F,1,1,0x45
2026-09-28T17:03:23,switch_stationary,1,Charging,76,4408000,5800000,6400000,0,2006,2,16114000,4.0285,2,80,0,0x04,0,0,16800,34885,0x0D,0,0xFF,0x01,1,0x22,0,0x0F,1,1,0x45
2026-09-28T17:03:28,switch_stationary,1,Charging,76,4408000,5800000,6400000,0,2006,2,16114000,4.0285,2,80,0,0x04,0,0,16800,34885,0x0D,0,0xFF,0x01,1,0x22,0,0x0F,1,1,0x45
2026-09-28T17:03:33,switch_stationary,1,Charging,76,4408000,5800000,6400000,0,2006,2,16114000,4.0285,2,80,0,0x04,0,0,16800,34885,0x0D,0,0xFF,0x01,1,0x22,0,0x0F,1,1,0x45
2026-09-28T17:03:38,switch_stationary,1,Charging,76,4408000,5800000,6400000,0,2006,2,16114000,4.0285,2,80,0,0x04,0,0,16800,34885,0x0D,0,0xFF,0x01,1,0x22,0,0x0F,1,1,0x45
2026-09-28T17:03:43,switch_stationary,1,Charging,77,4466000,5800000,6400000,0,2006,2,16138000,4.0345,2,80,0,0x04,0,0,16800,34885,0x0D,0,0xFF,0x01,1,0x22,0,0x0F,1,1,0x45
2026-09-28T17:03:48,switch_stationary,1,Charging,77,4466000,5800000,6400000,0,2006,2,16138000,4.0345,2,80,0,0x04,0,0,16800,34885,0x0D,0,0xFF,0x01,1,0x22,0,0x0F,1,1,0x45
2026-09-28T17:03:53,switch_stationary,1,Charging,77,4466000,5800000,6400000,0,2006,2,16138000,4.0345,2,80,0,0x04,0,0,16800,34885,0x0D,0,0xFF,0x01,1,0x22,0,0x0F,1,1,0x45
2026-09-28T17:03:58,switch_stationary,1,Charging,77,4466000,5800000,6400000,0,2006,2,16138000,4.0345,2,80,0,0x04,0,0,16800,34885,0x0D,0,0xFF,0x01,1,0x22,0,0x0F,1,1,0x45
2026-09-28T17:04:03,switch_stationary,1,Charging,77,4466000,5800000,6400000,0,2006,2,16138000,4.0345,2,80,0,0x04,0,0,16800,34885,0x0D,0,0xFF,0x01,1,0x22,0,0x0F,1,1,0x45
2026-09-28T17:04:08,switch_stationary,1,Charging,77,4466000,5800000,6400000,0,2006,2,16138000,4.0345,2,80,0,0x04,0,0,16800,34885,0x0D,0,0xFF,0x01,1,0x22,0,0x0F,1,1,0x45
2026-09-28T17:04:14,switch_stationary,1,Charging,77,4466000,5800000,6400000,0,2006,2,16138000,4.0345,2,80,0,0x04,0,0,16800,34885,0x0D,0,0xFF,0x01,1,0x22,0,0x0F,1,1,0x45
2026-09-28T17:04:19,switch_stationary,1,Charging,77,4466000,5800000,6400000,0,2006,2,16138000,4.0345,2,80,0,0x04,0,0,16800,34885,0x0D,0,0xFF,0x01,1,0x22,0,0x0F,1,1,0x45
2026-09-28T17:04:24,switch_stationary,1,Charging,77,4466000,5800000,6400000,0,2006,2,16161000,4.0403,2,80,0,0x04,0,0,16800,34885,0x0D,0,0xFF,0x01,1,0x22,0,0x0F,1,1,0x45
2026-09-28T17:04:29,switch_stationary,1,Charging,77,4466000,5800000,6400000,0,2006,2,16161000,4.0403,2,80,0,0x04,0,0,16800,34885,0x0D,0,0xFF,0x01,1,0x22,0,0x0F,1,1,0x45
2026-09-28T17:04:34,switch_stationary,1,Charging,77,4466000,5800000,6400000,0,2006,2,16161000,4.0403,2,80,0,0x04,0,0,16800,34885,0x0D,0,0xFF,0x01,1,0x22,0,0x0F,1,1,0x45
2026-09-28T17:04:39,switch_stationary,1,Charging,77,4466000,5800000,6400000,0,2006,2,16161000,4.0403,2,80,0,0x04,0,0,16800,34885,0x0D,0,0xFF,0x01,1,0x22,0,0x0F,1,1,0x45
2026-09-28T17:04:44,switch_stationary,1,Charging,77,4466000,5800000,6400000,0,2006,2,16161000,4.0403,2,80,0,0x04,0,0,16800,34885,0x0D,0,0xFF,0x01,1,0x22,0,0x0F,1,1,0x45
2026-09-28T17:04:49,switch_stationary,1,Charging,77,4466000,5800000,6400000,0,2006,2,16161000,4.0403,2,80,0,0x04,0,0,16800,34885,0x0D,0,0xFF,0x01,1,0x22,0,0x0F,1,1,0x45
2026-09-28T17:04:54,switch_stationary,1,Charging,77,4466000,5800000,6400000,0,2006,2,16161000,4.0403,2,80,0,0x04,0,0,16800,34885,0x0D,0,0xFF,0x01,1,0x22,0,0x0F,1,1,0x45
2026-09-28T17:04:59,switch_stationary,1,Charging,77,4466000,5800000,6400000,0,2006,2,16161000,4.0403,2,80,0,0x04,0,0,16800,34885,0x0D,0,0xFF,0x01,1,0x22,0,0x0F,1,1,0x45
2026-09-28T17:05:04,switch_stationary,1,Charging,77,4466000,5800000,6400000,0,2006,2,16185000,4.0462,2,80,0,0x04,0,0,16800,34885,0x0D,0,0xFF,0x01,1,0x22,0,0x0F,1,1,0x45
2026-09-28T17:05:09,switch_stationary,1,Charging,77,4466000,5800000,6400000,0,2006,2,16185000,4.0462,2,80,0,0x04,0,0,16800,34885,0x0D,0,0xFF,0x01,1,0x22,0,0x0F,1,1,0x45
2026-09-28T17:05:14,switch_stationary,1,Charging,77,4466000,5800000,6400000,0,2006,2,16185000,4.0462,2,80,0,0x04,0,0,16800,34885,0x0D,0,0xFF,0x01,1,0x22,0,0x0F,1,1,0x45
2026-09-28T17:05:20,switch_stationary,1,Charging,77,4466000,5800000,6400000,0,2006,2,16185000,4.0462,2,80,0,0x04,0,0,16800,34885,0x0D,0,0xFF,0x01,1,0x22,0,0x0F,1,1,0x45
2026-09-28T17:05:25,switch_stationary,1,Charging,78,4524000,5800000,6400000,0,2006,2,16185000,4.0462,2,80,0,0x04,0,0,16800,34885,0x0D,0,0xFF,0x01,1,0x22,0,0x0F,1,1,0x45
2026-09-28T17:05:30,switch_stationary,1,Charging,78,4524000,5800000,6400000,0,2006,2,16185000,4.0462,2,80,0,0x04,0,0,16800,34885,0x0D,0,0xFF,0x01,1,0x22,0,0x0F,1,1,0x45
2026-09-28T17:05:35,switch_stationary,1,Charging,78,4524000,5800000,6400000,0,2006,2,16185000,4.0462,2,80,0,0x04,0,0,16800,34885,0x0D,0,0xFF,0x01,1,0x22,0,0x0F,1,1,0x45
2026-09-28T17:05:40,switch_stationary,1,Charging,78,4524000,5800000,6400000,0,2006,2,16185000,4.0462,2,80,0,0x04,0,0,16800,34885,0x0D,0,0xFF,0x01,1,0x22,0,0x0F,1,1,0x45
2026-09-28T17:05:45,switch_stationary,1,Charging,78,4524000,5800000,6400000,0,2006,2,16185000,4.0462,2,80,0,0x04,0,0,16800,34885,0x0D,0,0xFF,0x01,1,0x22,0,0x0F,1,1,0x45
2026-09-28T17:05:50,switch_stationary,1,Charging,78,4524000,5800000,6400000,0,2006,2,16185000,4.0462,2,80,0,0x04,0,0,16800,34885,0x0D,0,0xFF,0x01,1,0x22,0,0x0F,1,1,0x45
2026-09-28T17:05:55,switch_stationary,1,Charging,78,4524000,5800000,6400000,0,2006,2,16208000,4.052,2,80,0,0x04,0,0,16800,34885,0x0D,0,0xFF,0x01,1,0x22,0,0x0F,1,1,0x45
2026-09-28T17:06:00,switch_stationary,1,Charging,78,4524000,5800000,6400000,0,2006,2,16208000,4.052,2,80,0,0x04,0,0,16800,34885,0x0D,0,0xFF,0x01,1,0x22,0,0x0F,1,1,0x45
2026-09-28T17:06:05,switch_stationary,1,Charging,78,4524000,5800000,6400000,0,2006,2,16208000,4.052,2,80,0,0x04,0,0,16800,34885,0x0D,0,0xFF,0x01,1,0x22,0,0x0F,1,1,0x45
2026-09-28T17:06:10,switch_stationary,1,Charging,78,4524000,5800000,6400000,0,2006,2,16208000,4.052,2,80,0,0x04,0,0,16800,34885,0x0D,0,0xFF,0x01,1,0x22,0,0x0F,1,1,0x45
2026-09-28T17:06:15,switch_stationary,1,Charging,78,4524000,5800000,6400000,0,2006,2,16208000,4.052,2,80,0,0x04,0,0,16800,34885,0x0D,0,0xFF,0x01,1,0x22,0,0x0F,1,1,0x45
2026-09-28T17:06:20,switch_stationary,1,Charging,78,4524000,5800000,6400000,0,2006,2,16208000,4.052,2,80,0,0x04,0,0,16800,34885,0x0D,0,0xFF,0x01,1,0x22,0,0x0F,1,1,0x45
2026-09-28T17:06:26,switch_stationary,1,Charging,78,4524000,5800000,6400000,0,2006,2,16208000,4.052,2,80,0,0x04,0,0,16800,34885,0x0D,0,0xFF,0x01,1,0x22,0,0x0F,1,1,0x45
2026-09-28T17:06:31,switch_stationary,1,Charging,78,4524000,5800000,6400000,0,2006,2,16232000,4.058,2,80,0,0x04,0,0,16800,34885,0x0D,0,0xFF,0x01,1,0x22,0,0x0F,1,1,0x45
2026-09-28T17:06:36,switch_stationary,1,Charging,78,4524000,5800000,6400000,0,2006,2,16232000,4.058,2,80,0,0x04,0,0,16800,34885,0x0D,0,0xFF,0x01,1,0x22,0,0x0F,1,1,0x45
2026-09-28T17:06:41,switch_stationary,1,Charging,78,4524000,5800000,6400000,0,2006,2,16232000,4.058,2,80,0,0x04,0,0,16800,34885,0x0D,0,0xFF,0x01,1,0x22,0,0x0F,1,1,0x45
2026-09-28T17:06:46,switch_stationary,1,Charging,78,4524000,5800000,6400000,0,2006,2,16232000,4.058,2,80,0,0x04,0,0,16800,34885,0x0D,0,0xFF,0x01,1,0x22,0,0x0F,1,1,0x45
2026-09-28T17:06:51,switch_stationary,1,Charging,78,4524000,5800000,6400000,0,2006,2,16232000,4.058,2,80,0,0x04,0,0,16800,34885,0x0D,0,0xFF,0x01,1,0x22,0,0x0F,1,1,0x45
2026-09-28T17:06:56,switch_stationary,1,Charging,78,4524000,5800000,6400000,0,2006,2,16232000,4.058,2,80,0,0x04,0,0,16800,34885,0x0D,0,0xFF,0x01,1,0x22,0,0x0F,1,1,0x45
2026-09-28T17:07:01,switch_stationary,1,Charging,78,4524000,5800000,6400000,0,2006,2,16255000,4.0637,2,80,0,0x04,0,0,16800,34885,0x0D,0,0xFF,0x01,1,0x22,0,0x0F,1,1,0x45
2026-09-28T17:07:06,switch_stationary,1,Charging,78,4524000,5800000,6400000,0,2006,2,16232000,4.058,2,80,0,0x04,0,0,16800,34885,0x0D,0,0xFF,0x01,1,0x22,0,0x0F,1,1,0x45
2026-09-28T17:07:11,switch_stationary,1,Charging,79,4582000,5800000,6400000,0,2006,2,16255000,4.0637,2,80,0,0x04,0,0,16800,34885,0x0D,0,0xFF,0x01,1,0x22,0,0x0F,1,1,0x45
2026-09-28T17:07:16,switch_stationary,1,Charging,79,4582000,5800000,6400000,0,2006,2,16255000,4.0637,2,80,0,0x04,0,0,16800,34885,0x0D,0,0xFF,0x01,1,0x22,0,0x0F,1,1,0x45
2026-09-28T17:07:21,switch_stationary,1,Charging,79,4582000,5800000,6400000,0,2006,2,16255000,4.0637,2,80,0,0x04,0,0,16800,34885,0x0D,0,0xFF,0x01,1,0x22,0,0x0F,1,1,0x45
2026-09-28T17:07:27,switch_stationary,1,Charging,79,4582000,5800000,6400000,0,2006,2,16255000,4.0637,2,80,0,0x04,0,0,16800,34885,0x0D,0,0xFF,0x01,1,0x22,0,0x0F,1,1,0x45
2026-09-28T17:07:32,switch_stationary,1,Charging,79,4582000,5800000,6400000,0,2006,2,16255000,4.0637,2,80,0,0x04,0,0,16800,34885,0x0D,0,0xFF,0x01,1,0x22,0,0x0F,1,1,0x45
2026-09-28T17:07:37,switch_stationary,1,Charging,79,4582000,5800000,6400000,0,2006,2,16255000,4.0637,2,80,0,0x04,0,0,16800,34885,0x0D,0,0xFF,0x01,1,0x22,0,0x0F,1,1,0x45
2026-09-28T17:07:42,switch_stationary,1,Charging,79,4582000,5800000,6400000,0,2006,2,16279000,4.0697,2,80,0,0x04,0,0,16800,34885,0x0D,0,0xFF,0x01,1,0x22,0,0x0F,1,1,0x45
2026-09-28T17:07:47,switch_stationary,1,Charging,79,4582000,5800000,6400000,0,2006,2,16279000,4.0697,2,80,0,0x04,0,0,16800,34885,0x0D,0,0xFF,0x01,1,0x22,0,0x0F,1,1,0x45
2026-09-28T17:07:52,switch_stationary,1,Charging,79,4582000,5800000,6400000,0,2006,2,16279000,4.0697,2,80,0,0x04,0,0,16800,34885,0x0D,0,0xFF,0x01,1,0x22,0,0x0F,1,1,0x45
2026-09-28T17:07:57,switch_stationary,1,Charging,79,4582000,5800000,6400000,0,2006,2,16279000,4.0697,2,80,0,0x04,0,0,16800,34885,0x0D,0,0xFF,0x01,1,0x22,0,0x0F,1,1,0x45
2026-09-28T17:08:02,switch_stationary,1,Charging,79,4582000,5800000,6400000,0,2006,2,16279000,4.0697,2,80,0,0x04,0,0,16800,34885,0x0D,0,0xFF,0x01,1,0x22,0,0x0F,1,1,0x45
2026-09-28T17:08:07,switch_stationary,1,Charging,79,4582000,5800000,6400000,0,2006,2,16279000,4.0697,2,80,0,0x04,0,0,16800,34885,0x0D,0,0xFF,0x01,1,0x22,0,0x0F,1,1,0x45
2026-09-28T17:08:12,switch_stationary,1,Charging,79,4582000,5800000,6400000,0,2006,2,16279000,4.0697,2,80,0,0x04,0,0,16800,34885,0x0D,0,0xFF,0x01,1,0x22,0,0x0F,1,1,0x45
2026-09-28T17:08:17,switch_stationary,1,Charging,79,4582000,5800000,6400000,0,2006,2,16279000,4.0697,2,80,0,0x04,0,0,16800,34885,0x0D,0,0xFF,0x01,1,0x22,0,0x0F,1,1,0x45
2026-09-28T17:08:22,switch_stationary,1,Charging,79,4582000,5800000,6400000,0,2006,2,16302000,4.0755,2,80,0,0x04,0,0,16800,34885,0x0D,0,0xFF,0x01,1,0x22,0,0x0F,1,1,0x45
2026-09-28T17:08:27,switch_stationary,1,Charging,79,4582000,5800000,6400000,0,2006,2,16302000,4.0755,2,80,0,0x04,0,0,16800,34885,0x0D,0,0xFF,0x01,1,0x22,0,0x0F,1,1,0x45
2026-09-28T17:08:33,switch_stationary,1,Charging,79,4582000,5800000,6400000,0,2006,2,16302000,4.0755,2,80,0,0x04,0,0,16800,34885,0x0D,0,0xFF,0x01,1,0x22,0,0x0F,1,1,0x45
2026-09-28T17:08:38,switch_stationary,1,Charging,79,4582000,5800000,6400000,0,2006,2,16302000,4.0755,2,80,0,0x04,0,0,16800,34885,0x0D,0,0xFF,0x01,1,0x22,0,0x0F,1,1,0x45
2026-09-28T17:08:43,switch_stationary,1,Charging,79,4582000,5800000,6400000,0,2006,2,16302000,4.0755,2,80,0,0x04,0,0,16800,34885,0x0D,0,0xFF,0x01,1,0x22,0,0x0F,1,1,0x45
2026-09-28T17:08:48,switch_stationary,1,Charging,79,4582000,5800000,6400000,0,2006,2,16302000,4.0755,2,80,0,0x04,0,0,16800,34885,0x0D,0,0xFF,0x01,1,0x22,0,0x0F,1,1,0x45
2026-09-28T17:08:53,switch_stationary,1,Charging,80,4640000,5800000,6400000,0,2006,2,16302000,4.0755,2,80,0,0x04,0,0,16800,34885,0x0D,0,0xFF,0x01,1,0x22,0,0x0F,1,1,0x45
2026-09-28T17:08:53,switch_high_capacity,1,Charging,80,4640000,5800000,6400000,0,2006,2,16302000,4.0755,0,80,0,0x04,0,0,16800,34885,0x0D,0,0xFF,0x01,1,0x22,0,0x0F,1,1,0x45
2026-09-28T17:08:54,switch_high_capacity,1,Charging,80,4640000,5800000,6400000,0,2006,2,16302000,4.0755,0,80,0,0x04,0,0,16800,34885,0x0D,0,0xFF,0x01,1,0x22,0,0x0F,1,1,0x45
2026-09-28T17:08:55,switch_high_capacity,1,Charging,80,4640000,5800000,6400000,0,2006,2,16302000,4.0755,0,80,0,0x04,0,0,16800,34885,0x0D,0,0xFF,0x01,1,0x22,0,0x0F,1,1,0x45
2026-09-28T17:08:56,switch_high_capacity,1,Charging,80,4640000,5800000,6400000,0,2006,2,16302000,4.0755,0,80,0,0x04,0,0,16800,34885,0x0D,0,0xFF,0x01,1,0x22,0,0x0F,1,1,0x45
2026-09-28T17:08:57,switch_high_capacity,1,Charging,80,4640000,5800000,6400000,0,2006,2,16326000,4.0815,0,80,0,0x04,0,0,16800,34885,0x0D,0,0xFF,0x01,1,0x22,0,0x0F,1,1,0x45
2026-09-28T17:08:59,switch_high_capacity,1,Charging,80,4640000,5800000,6400000,0,2006,2,16326000,4.0815,0,80,0,0x04,0,0,16800,34885,0x0D,0,0xFF,0x01,1,0x22,0,0x0F,1,1,0x45
2026-09-28T17:09:00,switch_high_capacity,1,Charging,80,4640000,5800000,6400000,0,2006,2,16326000,4.0815,0,80,0,0x04,0,0,16800,34885,0x0D,0,0xFF,0x01,1,0x22,0,0x0F,1,1,0x45
2026-09-28T17:09:01,switch_high_capacity,1,Charging,80,4640000,5800000,6400000,0,2006,2,16326000,4.0815,0,80,0,0x04,0,0,16800,34885,0x0D,0,0xFF,0x01,1,0x22,0,0x0F,1,1,0x45
2026-09-28T17:09:02,switch_high_capacity,1,Charging,80,4640000,5800000,6400000,0,2006,2,16326000,4.0815,0,80,0,0x04,0,0,16800,34885,0x0D,0,0xFF,0x01,1,0x22,0,0x0F,1,1,0x45
2026-09-28T17:09:03,switch_high_capacity,1,Charging,80,4640000,5800000,6400000,0,2006,2,16326000,4.0815,0,80,0,0x04,0,0,16800,34885,0x0D,0,0xFF,0x01,1,0x22,0,0x0F,1,1,0x45
2026-09-28T17:09:04,switch_high_capacity,1,Charging,80,4640000,5800000,6400000,0,2006,2,16326000,4.0815,0,80,0,0x04,0,0,16800,34885,0x0D,0,0xFF,0x01,1,0x22,0,0x0F,1,1,0x45
2026-09-28T17:09:05,switch_high_capacity,1,Charging,80,4640000,5800000,6400000,0,2006,2,16326000,4.0815,0,80,0,0x04,0,0,16800,34885,0x0D,0,0xFF,0x01,1,0x22,0,0x0F,1,1,0x45
2026-09-28T17:09:06,switch_high_capacity,1,Charging,80,4640000,5800000,6400000,0,2006,2,16326000,4.0815,0,80,0,0x04,0,0,16800,34885,0x0D,0,0xFF,0x01,1,0x22,0,0x0F,1,1,0x45
2026-09-28T17:09:07,switch_high_capacity,1,Charging,80,4640000,5800000,6400000,0,2006,2,16326000,4.0815,0,80,0,0x04,0,0,16800,34885,0x0D,0,0xFF,0x01,1,0x22,0,0x0F,1,1,0x45
2026-09-28T17:09:08,switch_high_capacity,1,Charging,80,4640000,5800000,6400000,0,2006,2,16326000,4.0815,0,80,0,0x04,0,0,16800,34885,0x0D,0,0xFF,0x01,1,0x22,0,0x0F,1,1,0x45
2026-09-28T17:09:09,switch_high_capacity,1,Charging,80,4640000,5800000,6400000,0,2006,2,16326000,4.0815,0,80,0,0x04,0,0,16800,34885,0x0D,0,0xFF,0x01,1,0x22,0,0x0F,1,1,0x45
2026-09-28T17:09:10,switch_high_capacity,1,Charging,80,4640000,5800000,6400000,0,2006,2,16326000,4.0815,0,80,0,0x04,0,0,16800,34885,0x0D,0,0xFF,0x01,1,0x22,0,0x0F,1,1,0x45
2026-09-28T17:09:12,switch_high_capacity,1,Charging,80,4640000,5800000,6400000,0,2006,2,16326000,4.0815,0,80,0,0x04,0,0,16800,34885,0x0D,0,0xFF,0x01,1,0x22,0,0x0F,1,1,0x45
2026-09-28T17:09:13,switch_high_capacity,1,Charging,80,4640000,5800000,6400000,0,2006,2,16326000,4.0815,0,80,0,0x04,0,0,16800,34885,0x0D,0,0xFF,0x01,1,0x22,0,0x0F,1,1,0x45
2026-09-28T17:09:14,switch_high_capacity,1,Charging,80,4640000,5800000,6400000,0,2006,2,16326000,4.0815,0,80,0,0x04,0,0,16800,34885,0x0D,0,0xFF,0x01,1,0x22,0,0x0F,1,1,0x45
2026-09-28T17:09:15,switch_high_capacity,1,Charging,80,4640000,5800000,6400000,0,2006,2,16326000,4.0815,0,80,0,0x04,0,0,16800,34885,0x0D,0,0xFF,0x01,1,0x22,0,0x0F,1,1,0x45
2026-09-28T17:09:16,switch_high_capacity,1,Charging,80,4640000,5800000,6400000,0,2006,2,16326000,4.0815,0,80,0,0x04,0,0,16800,34885,0x0D,0,0xFF,0x01,1,0x22,0,0x0F,1,1,0x45
2026-09-28T17:09:17,switch_high_capacity,1,Charging,80,4640000,5800000,6400000,0,2006,2,16326000,4.0815,0,80,0,0x04,0,0,16800,34885,0x0D,0,0xFF,0x01,1,0x22,0,0x0F,1,1,0x45
2026-09-28T17:09:18,switch_high_capacity,1,Charging,80,4640000,5800000,6400000,0,2006,2,16326000,4.0815,0,80,0,0x04,0,0,16800,34885,0x0D,0,0xFF,0x01,1,0x22,0,0x0F,1,1,0x45
2026-09-28T17:09:19,switch_high_capacity,1,Charging,80,4640000,5800000,6400000,0,2006,2,16326000,4.0815,0,80,0,0x04,0,0,16800,34885,0x0D,0,0xFF,0x01,1,0x22,0,0x0F,1,1,0x45
2026-09-28T17:09:20,switch_high_capacity,1,Charging,80,4640000,5800000,6400000,0,2006,2,16326000,4.0815,0,80,0,0x04,0,0,16800,34885,0x0D,0,0xFF,0x01,1,0x22,0,0x0F,1,1,0x45
2026-09-28T17:09:21,switch_high_capacity,1,Charging,80,4640000,5800000,6400000,0,2006,2,16326000,4.0815,0,80,0,0x04,0,0,16800,34885,0x0D,0,0xFF,0x01,1,0x22,0,0x0F,1,1,0x45
2026-09-28T17:09:22,switch_high_capacity,1,Charging,80,4640000,5800000,6400000,0,2006,2,16326000,4.0815,0,80,0,0x04,0,0,16800,34885,0x0D,0,0xFF,0x01,1,0x22,0,0x0F,1,1,0x45
2026-09-28T17:09:23,switch_high_capacity,1,Charging,80,4640000,5800000,6400000,0,2006,2,16326000,4.0815,0,80,0,0x04,0,0,16800,34885,0x0D,0,0xFF,0x01,1,0x22,0,0x0F,1,1,0x45
2026-09-28T17:09:24,switch_high_capacity,1,Charging,80,4640000,5800000,6400000,0,2006,2,16326000,4.0815,0,80,0,0x04,0,0,16800,34885,0x0D,0,0xFF,0x01,1,0x22,0,0x0F,1,1,0x45
2026-09-28T17:09:26,switch_high_capacity,1,Charging,80,4640000,5800000,6400000,0,2006,2,16326000,4.0815,0,80,0,0x04,0,0,16800,34885,0x0D,0,0xFF,0x01,1,0x22,0,0x0F,1,1,0x45
2026-09-28T17:09:27,switch_high_capacity,1,Charging,80,4640000,5800000,6400000,0,2006,2,16326000,4.0815,0,80,0,0x04,0,0,16800,34885,0x0D,0,0xFF,0x01,1,0x22,0,0x0F,1,1,0x45
2026-09-28T17:09:28,switch_high_capacity,1,Charging,80,4640000,5800000,6400000,0,2006,2,16326000,4.0815,0,80,0,0x04,0,0,16800,34885,0x0D,0,0xFF,0x01,1,0x22,0,0x0F,1,1,0x45
2026-09-28T17:09:29,switch_high_capacity,1,Charging,80,4640000,5800000,6400000,0,2006,2,16326000,4.0815,0,80,0,0x04,0,0,16800,34885,0x0D,0,0xFF,0x01,1,0x22,0,0x0F,1,1,0x45
2026-09-28T17:09:30,switch_high_capacity,1,Charging,80,4640000,5800000,6400000,0,2006,2,16326000,4.0815,0,80,0,0x04,0,0,16800,34885,0x0D,0,0xFF,0x01,1,0x22,0,0x0F,1,1,0x45
2026-09-28T17:09:31,switch_high_capacity,1,Charging,80,4640000,5800000,6400000,0,2006,2,16326000,4.0815,0,80,0,0x04,0,0,16800,34885,0x0D,0,0xFF,0x01,1,0x22,0,0x0F,1,1,0x45
2026-09-28T17:09:32,switch_high_capacity,1,Charging,80,4640000,5800000,6400000,0,2006,2,16326000,4.0815,0,80,0,0x04,0,0,16800,34885,0x0D,0,0xFF,0x01,1,0x22,0,0x0F,1,1,0x45
2026-09-28T17:09:33,switch_high_capacity,1,Charging,80,4640000,5800000,6400000,0,2006,2,16326000,4.0815,0,80,0,0x04,0,0,16800,34885,0x0D,0,0xFF,0x01,1,0x22,0,0x0F,1,1,0x45
2026-09-28T17:09:34,switch_high_capacity,1,Charging,80,4640000,5800000,6400000,0,2006,2,16326000,4.0815,0,80,0,0x04,0,0,16800,34885,0x0D,0,0xFF,0x01,1,0x22,0,0x0F,1,1,0x45
2026-09-28T17:09:35,switch_high_capacity,1,Charging,80,4640000,5800000,6400000,0,2006,2,16326000,4.0815,0,80,0,0x04,0,0,16800,34885,0x0D,0,0xFF,0x01,1,0x22,0,0x0F,1,1,0x45
2026-09-28T17:09:36,switch_high_capacity,1,Charging,80,4640000,5800000,6400000,0,2006,2,16326000,4.0815,0,80,0,0x04,0,0,16800,34885,0x0D,0,0xFF,0x01,1,0x22,0,0x0F,1,1,0x45
2026-09-28T17:09:37,switch_high_capacity,1,Charging,80,4640000,5800000,6400000,0,2006,2,16326000,4.0815,0,80,0,0x04,0,0,16800,34885,0x0D,0,0xFF,0x01,1,0x22,0,0x0F,1,1,0x45
2026-09-28T17:09:39,switch_high_capacity,1,Charging,80,4640000,5800000,6400000,0,2006,2,16349000,4.0873,0,80,0,0x04,0,0,16800,34885,0x0D,0,0xFF,0x01,1,0x22,0,0x0F,1,1,0x45
2026-09-28T17:09:40,switch_high_capacity,1,Charging,80,4640000,5800000,6400000,0,2006,2,16349000,4.0873,0,80,0,0x04,0,0,16800,34885,0x0D,0,0xFF,0x01,1,0x22,0,0x0F,1,1,0x45
2026-09-28T17:09:41,switch_high_capacity,1,Charging,80,4640000,5800000,6400000,0,2006,2,16349000,4.0873,0,80,0,0x04,0,0,16800,34885,0x0D,0,0xFF,0x01,1,0x22,0,0x0F,1,1,0x45
2026-09-28T17:09:42,switch_high_capacity,1,Charging,80,4640000,5800000,6400000,0,2006,2,16349000,4.0873,0,80,0,0x04,0,0,16800,34885,0x0D,0,0xFF,0x01,1,0x22,0,0x0F,1,1,0x45
2026-09-28T17:09:43,switch_high_capacity,1,Charging,80,4640000,5800000,6400000,0,2006,2,16349000,4.0873,0,80,0,0x04,0,0,16800,34885,0x0D,0,0xFF,0x01,1,0x22,0,0x0F,1,1,0x45
2026-09-28T17:09:44,switch_high_capacity,1,Charging,80,4640000,5800000,6400000,0,2006,2,16349000,4.0873,0,80,0,0x04,0,0,16800,34885,0x0D,0,0xFF,0x01,1,0x22,0,0x0F,1,1,0x45
2026-09-28T17:09:45,switch_high_capacity,1,Charging,80,4640000,5800000,6400000,0,2006,2,16349000,4.0873,0,80,0,0x04,0,0,16800,34885,0x0D,0,0xFF,0x01,1,0x22,0,0x0F,1,1,0x45
2026-09-28T17:09:46,switch_high_capacity,1,Charging,80,4640000,5800000,6400000,0,2006,2,16349000,4.0873,0,80,0,0x04,0,0,16800,34885,0x0D,0,0xFF,0x01,1,0x22,0,0x0F,1,1,0x45
2026-09-28T17:09:47,switch_high_capacity,1,Charging,80,4640000,5800000,6400000,0,2006,2,16349000,4.0873,0,80,0,0x04,0,0,16800,34885,0x0D,0,0xFF,0x01,1,0x22,0,0x0F,1,1,0x45
2026-09-28T17:09:48,switch_high_capacity,1,Charging,80,4640000,5800000,6400000,0,2006,2,16349000,4.0873,0,80,0,0x04,0,0,16800,34885,0x0D,0,0xFF,0x01,1,0x22,0,0x0F,1,1,0x45
2026-09-28T17:09:49,switch_high_capacity,1,Charging,80,4640000,5800000,6400000,0,2006,2,16349000,4.0873,0,80,0,0x04,0,0,16800,34885,0x0D,0,0xFF,0x01,1,0x22,0,0x0F,1,1,0x45
2026-09-28T17:09:50,switch_high_capacity,1,Charging,80,4640000,5800000,6400000,0,2006,2,16349000,4.0873,0,80,0,0x04,0,0,16800,34885,0x0D,0,0xFF,0x01,1,0x22,0,0x0F,1,1,0x45
2026-09-28T17:09:51,switch_high_capacity,1,Charging,80,4640000,5800000,6400000,0,2006,2,16349000,4.0873,0,80,0,0x04,0,0,16800,34885,0x0D,0,0xFF,0x01,1,0x22,0,0x0F,1,1,0x45
2026-09-28T17:09:53,switch_high_capacity,1,Charging,80,4640000,5800000,6400000,0,2006,2,16349000,4.0873,0,80,0,0x04,0,0,16800,34885,0x0D,0,0xFF,0x01,1,0x22,0,0x0F,1,1,0x45
2026-09-28T17:09:54,switch_high_capacity,1,Charging,80,4640000,5800000,6400000,0,2006,2,16349000,4.0873,0,80,0,0x04,0,0,16800,34885,0x0D,0,0xFF,0x01,1,0x22,0,0x0F,1,1,0x45
2026-09-28T17:09:55,switch_high_capacity,1,Charging,80,4640000,5800000,6400000,0,2006,2,16349000,4.0873,0,80,0,0x04,0,0,16800,34885,0x0D,0,0xFF,0x01,1,0x22,0,0x0F,1,1,0x45
2026-09-28T17:09:56,switch_high_capacity,1,Charging,80,4640000,5800000,6400000,0,2006,2,16349000,4.0873,0,80,0,0x04,0,0,16800,34885,0x0D,0,0xFF,0x01,1,0x22,0,0x0F,1,1,0x45
2026-09-28T17:09:57,switch_high_capacity,1,Charging,80,4640000,5800000,6400000,0,2006,2,16349000,4.0873,0,80,0,0x04,0,0,16800,34885,0x0D,0,0xFF,0x01,1,0x22,0,0x0F,1,1,0x45
2026-09-28T17:09:58,switch_high_capacity,1,Charging,80,4640000,5800000,6400000,0,2006,2,16349000,4.0873,0,80,0,0x04,0,0,16800,34885,0x0D,0,0xFF,0x01,1,0x22,0,0x0F,1,1,0x45
2026-09-28T17:09:59,switch_high_capacity,1,Charging,80,4640000,5800000,6400000,0,2006,2,16349000,4.0873,0,80,0,0x04,0,0,16800,34885,0x0D,0,0xFF,0x01,1,0x22,0,0x0F,1,1,0x45
2026-09-28T17:10:00,switch_high_capacity,1,Charging,80,4640000,5800000,6400000,0,2006,2,16349000,4.0873,0,80,0,0x04,0,0,16800,34885,0x0D,0,0xFF,0x01,1,0x22,0,0x0F,1,1,0x45
2026-09-28T17:10:01,switch_high_capacity,1,Charging,80,4640000,5800000,6400000,0,2006,2,16349000,4.0873,0,80,0,0x04,0,0,16800,34885,0x0D,0,0xFF,0x01,1,0x22,0,0x0F,1,1,0x45
2026-09-28T17:10:02,switch_high_capacity,1,Charging,80,4640000,5800000,6400000,0,2006,2,16349000,4.0873,0,80,0,0x04,0,0,16800,34885,0x0D,0,0xFF,0x01,1,0x22,0,0x0F,1,1,0x45
2026-09-28T17:10:03,switch_high_capacity,1,Charging,80,4640000,5800000,6400000,0,2006,2,16349000,4.0873,0,80,0,0x04,0,0,16800,34885,0x0D,0,0xFF,0x01,1,0x22,0,0x0F,1,1,0x45
2026-09-28T17:10:04,switch_high_capacity,1,Charging,80,4640000,5800000,6400000,0,2006,2,16349000,4.0873,0,80,0,0x04,0,0,16800,34885,0x0D,0,0xFF,0x01,1,0x22,0,0x0F,1,1,0x45
2026-09-28T17:10:05,switch_high_capacity,1,Charging,80,4640000,5800000,6400000,0,2006,2,16349000,4.0873,0,80,0,0x04,0,0,16800,34885,0x0D,0,0xFF,0x01,1,0x22,0,0x0F,1,1,0x45
2026-09-28T17:10:07,switch_high_capacity,1,Charging,80,4640000,5800000,6400000,0,2006,2,16349000,4.0873,0,80,0,0x04,0,0,16800,34885,0x0D,0,0xFF,0x01,1,0x22,0,0x0F,1,1,0x45
2026-09-28T17:10:08,switch_high_capacity,1,Charging,80,4640000,5800000,6400000,0,2006,2,16349000,4.0873,0,80,0,0x04,0,0,16800,34885,0x0D,0,0xFF,0x01,1,0x22,0,0x0F,1,1,0x45
2026-09-28T17:10:09,switch_high_capacity,1,Charging,80,4640000,5800000,6400000,0,2006,2,16349000,4.0873,0,80,0,0x04,0,0,16800,34885,0x0D,0,0xFF,0x01,1,0x22,0,0x0F,1,1,0x45
2026-09-28T17:10:10,switch_high_capacity,1,Charging,80,4640000,5800000,6400000,0,2006,2,16349000,4.0873,0,80,0,0x04,0,0,16800,34885,0x0D,0,0xFF,0x01,1,0x22,0,0x0F,1,1,0x45
2026-09-28T17:10:11,switch_high_capacity,1,Charging,80,4640000,5800000,6400000,0,2006,2,16349000,4.0873,0,80,0,0x04,0,0,16800,34885,0x0D,0,0xFF,0x01,1,0x22,0,0x0F,1,1,0x45
2026-09-28T17:10:12,switch_high_capacity,1,Charging,80,4640000,5800000,6400000,0,2006,2,16349000,4.0873,0,80,0,0x04,0,0,16800,34885,0x0D,0,0xFF,0x01,1,0x22,0,0x0F,1,1,0x45
2026-09-28T17:10:13,switch_high_capacity,1,Charging,80,4640000,5800000,6400000,0,2006,2,16349000,4.0873,0,80,0,0x04,0,0,16800,34885,0x0D,0,0xFF,0x01,1,0x22,0,0x0F,1,1,0x45
2026-09-28T17:10:14,switch_high_capacity,1,Charging,80,4640000,5800000,6400000,0,2006,2,16349000,4.0873,0,80,0,0x04,0,0,16800,34885,0x0D,0,0xFF,0x01,1,0x22,0,0x0F,1,1,0x45
2026-09-28T17:10:15,switch_high_capacity,1,Charging,80,4640000,5800000,6400000,0,2006,2,16349000,4.0873,0,80,0,0x04,0,0,16800,34885,0x0D,0,0xFF,0x01,1,0x22,0,0x0F,1,1,0x45
2026-09-28T17:10:16,switch_high_capacity,1,Charging,80,4640000,5800000,6400000,0,2006,2,16349000,4.0873,0,80,0,0x04,0,0,16800,34885,0x0D,0,0xFF,0x01,1,0x22,0,0x0F,1,1,0x45
2026-09-28T17:10:17,switch_high_capacity,1,Charging,80,4640000,5800000,6400000,0,2006,2,16373000,4.0933,0,80,0,0x04,0,0,16800,34885,0x0D,0,0xFF,0x01,1,0x22,0,0x0F,1,1,0x45
2026-09-28T17:10:18,switch_high_capacity,1,Charging,80,4640000,5800000,6400000,0,2006,2,16373000,4.0933,0,80,0,0x04,0,0,16800,34885,0x0D,0,0xFF,0x01,1,0x22,0,0x0F,1,1,0x45
2026-09-28T17:10:20,switch_high_capacity,1,Charging,80,4640000,5800000,6400000,0,2006,2,16373000,4.0933,0,80,0,0x04,0,0,16800,34885,0x0D,0,0xFF,0x01,1,0x22,0,0x0F,1,1,0x45
2026-09-28T17:10:21,switch_high_capacity,1,Charging,80,4640000,5800000,6400000,0,2006,2,16349000,4.0873,0,80,0,0x04,0,0,16800,34885,0x0D,0,0xFF,0x01,1,0x22,0,0x0F,1,1,0x45
2026-09-28T17:10:22,switch_high_capacity,1,Charging,80,4640000,5800000,6400000,0,2006,2,16349000,4.0873,0,80,0,0x04,0,0,16800,34885,0x0D,0,0xFF,0x01,1,0x22,0,0x0F,1,1,0x45
2026-09-28T17:10:23,switch_high_capacity,1,Charging,80,4640000,5800000,6400000,0,2006,2,16349000,4.0873,0,80,0,0x04,0,0,16800,34885,0x0D,0,0xFF,0x01,1,0x22,0,0x0F,1,1,0x45
2026-09-28T17:10:24,switch_high_capacity,1,Charging,80,4640000,5800000,6400000,0,2006,2,16349000,4.0873,0,80,0,0x04,0,0,16800,34885,0x0D,0,0xFF,0x01,1,0x22,0,0x0F,1,1,0x45
2026-09-28T17:10:25,switch_high_capacity,1,Charging,80,4640000,5800000,6400000,0,2006,2,16349000,4.0873,0,80,0,0x04,0,0,16800,34885,0x0D,0,0xFF,0x01,1,0x22,0,0x0F,1,1,0x45
2026-09-28T17:10:26,switch_high_capacity,1,Charging,80,4640000,5800000,6400000,0,2006,2,16349000,4.0873,0,80,0,0x04,0,0,16800,34885,0x0D,0,0xFF,0x01,1,0x22,0,0x0F,1,1,0x45
2026-09-28T17:10:27,switch_high_capacity,1,Charging,80,4640000,5800000,6400000,0,2006,2,16373000,4.0933,0,80,0,0x04,0,0,16800,34885,0x0D,0,0xFF,0x01,1,0x22,0,0x0F,1,1,0x45
2026-09-28T17:10:28,switch_high_capacity,1,Charging,80,4640000,5800000,6400000,0,2006,2,16373000,4.0933,0,80,0,0x04,0,0,16800,34885,0x0D,0,0xFF,0x01,1,0x22,0,0x0F,1,1,0x45
2026-09-28T17:10:29,switch_high_capacity,1,Charging,80,4640000,5800000,6400000,0,2006,2,16373000,4.0933,0,80,0,0x04,0,0,16800,34885,0x0D,0,0xFF,0x01,1,0x22,0,0x0F,1,1,0x45
2026-09-28T17:10:30,switch_high_capacity,1,Charging,80,4640000,5800000,6400000,0,2006,2,16373000,4.0933,0,80,0,0x04,0,0,16800,34885,0x0D,0,0xFF,0x01,1,0x22,0,0x0F,1,1,0x45
2026-09-28T17:10:31,switch_high_capacity,1,Charging,80,4640000,5800000,6400000,0,2006,2,16373000,4.0933,0,80,0,0x04,0,0,16800,34885,0x0D,0,0xFF,0x01,1,0x22,0,0x0F,1,1,0x45
2026-09-28T17:10:32,switch_high_capacity,1,Charging,80,4640000,5800000,6400000,0,2006,2,16373000,4.0933,0,80,0,0x04,0,0,16800,34885,0x0D,0,0xFF,0x01,1,0x22,0,0x0F,1,1,0x45
2026-09-28T17:10:34,switch_high_capacity,1,Charging,80,4640000,5800000,6400000,0,2006,2,16373000,4.0933,0,80,0,0x04,0,0,16800,34885,0x0D,0,0xFF,0x01,1,0x22,0,0x0F,1,1,0x45
2026-09-28T17:10:35,switch_high_capacity,1,Charging,80,4640000,5800000,6400000,0,2006,2,16373000,4.0933,0,80,0,0x04,0,0,16800,34885,0x0D,0,0xFF,0x01,1,0x22,0,0x0F,1,1,0x45
2026-09-28T17:10:36,switch_high_capacity,1,Charging,81,4698000,5800000,6400000,0,2006,2,16373000,4.0933,0,80,0,0x04,0,0,16800,34885,0x0D,0,0xFF,0x01,1,0x22,0,0x0F,1,1,0x45
2026-09-28T17:10:37,switch_high_capacity,1,Charging,81,4698000,5800000,6400000,0,2006,2,16373000,4.0933,0,80,0,0x04,0,0,16800,34885,0x0D,0,0xFF,0x01,1,0x22,0,0x0F,1,1,0x45
2026-09-28T17:10:38,switch_high_capacity,1,Charging,81,4698000,5800000,6400000,0,2006,2,16373000,4.0933,0,80,0,0x04,0,0,16800,34885,0x0D,0,0xFF,0x01,1,0x22,0,0x0F,1,1,0x45
2026-09-28T17:10:39,switch_high_capacity,1,Charging,81,4698000,5800000,6400000,0,2006,2,16373000,4.0933,0,80,0,0x04,0,0,16800,34885,0x0D,0,0xFF,0x01,1,0x22,0,0x0F,1,1,0x45
2026-09-28T17:10:40,switch_high_capacity,1,Charging,81,4698000,5800000,6400000,0,2006,2,16373000,4.0933,0,80,0,0x04,0,0,16800,34885,0x0D,0,0xFF,0x01,1,0x22,0,0x0F,1,1,0x45
2026-09-28T17:10:41,switch_high_capacity,1,Charging,81,4698000,5800000,6400000,0,2006,2,16373000,4.0933,0,80,0,0x04,0,0,16800,34885,0x0D,0,0xFF,0x01,1,0x22,0,0x0F,1,1,0x45
2026-09-28T17:10:42,switch_high_capacity,1,Charging,81,4698000,5800000,6400000,0,2006,2,16373000,4.0933,0,80,0,0x04,0,0,16800,34885,0x0D,0,0xFF,0x01,1,0x22,0,0x0F,1,1,0x45
2026-09-28T17:10:43,switch_high_capacity,1,Charging,81,4698000,5800000,6400000,0,2006,2,16373000,4.0933,0,80,0,0x04,0,0,16800,34885,0x0D,0,0xFF,0x01,1,0x22,0,0x0F,1,1,0x45
2026-09-28T17:10:44,switch_high_capacity,1,Charging,81,4698000,5800000,6400000,0,2006,2,16373000,4.0933,0,80,0,0x04,0,0,16800,34885,0x0D,0,0xFF,0x01,1,0x22,0,0x0F,1,1,0x45
2026-09-28T17:10:45,switch_high_capacity,1,Charging,81,4698000,5800000,6400000,0,2006,2,16373000,4.0933,0,80,0,0x04,0,0,16800,34885,0x0D,0,0xFF,0x01,1,0x22,0,0x0F,1,1,0x45
2026-09-28T17:10:47,switch_high_capacity,1,Charging,81,4698000,5800000,6400000,0,2006,2,16373000,4.0933,0,80,0,0x04,0,0,16800,34885,0x0D,0,0xFF,0x01,1,0x22,0,0x0F,1,1,0x45
2026-09-28T17:10:48,switch_high_capacity,1,Charging,81,4698000,5800000,6400000,0,2006,2,16373000,4.0933,0,80,0,0x04,0,0,16800,34885,0x0D,0,0xFF,0x01,1,0x22,0,0x0F,1,1,0x45
2026-09-28T17:10:49,switch_high_capacity,1,Charging,81,4698000,5800000,6400000,0,2006,2,16373000,4.0933,0,80,0,0x04,0,0,16800,34885,0x0D,0,0xFF,0x01,1,0x22,0,0x0F,1,1,0x45
2026-09-28T17:10:50,switch_high_capacity,1,Charging,81,4698000,5800000,6400000,0,2006,2,16373000,4.0933,0,80,0,0x04,0,0,16800,34885,0x0D,0,0xFF,0x01,1,0x22,0,0x0F,1,1,0x45
2026-09-28T17:10:51,switch_high_capacity,1,Charging,81,4698000,5800000,6400000,0,2006,2,16373000,4.0933,0,80,0,0x04,0,0,16800,34885,0x0D,0,0xFF,0x01,1,0x22,0,0x0F,1,1,0x45
2026-09-28T17:10:52,switch_high_capacity,1,Charging,81,4698000,5800000,6400000,0,2006,2,16373000,4.0933,0,80,0,0x04,0,0,16800,34885,0x0D,0,0xFF,0x01,1,0x22,0,0x0F,1,1,0x45
2026-09-28T17:10:53,switch_high_capacity,1,Charging,81,4698000,5800000,6400000,0,2006,2,16373000,4.0933,0,80,0,0x04,0,0,16800,34885,0x0D,0,0xFF,0x01,1,0x22,0,0x0F,1,1,0x45
